ios-code,name,growthRate,worldPercentage,rank,icon,year,puplistion,density
CN,China,1.0029,0.1821,1,🇨🇳,2022,1448471.4,149.2199
IN,India,1.0095,0.1768,2,🇮🇳,2022,1406631.776,427.8611
US,"United States",1.0057,0.0421,3,🇺🇸,2022,334805.269,35.7217
ID,Indonesia,1.01,0.0351,4,🇮🇩,2022,279134.505,146.5605
PK,Pakistan,1.019,0.0289,5,🇵🇰,2022,229488.994,260.2176
NG,Nigeria,1.0253,0.0273,6,🇳🇬,2022,216746.934,234.6335
BR,Brazil,1.0064,0.0271,7,🇧🇷,2022,215353.593,25.2888
BD,Bangladesh,1.0095,0.0211,8,🇧🇩,2022,167885.689,1137.6682
RU,Russia,0.9993,0.0183,9,🇷🇺,2022,145805.947,8.5275
MX,Mexico,1.01,0.0165,10,🇲🇽,2022,131562.772,66.9744
JP,Japan,0.9963,0.0158,11,🇯🇵,2022,125584.838,332.2966
ET,Ethiopia,1.0249,0.0152,12,🇪🇹,2022,120812.698,109.4021
PH,Philippines,1.0132,0.0141,13,🇵🇭,2022,112508.994,328.6345
EG,Egypt,1.0182,0.0133,14,🇪🇬,2022,106156.692,105.8972
VN,Vietnam,1.008,0.0124,15,🇻🇳,2022,98953.541,298.7619
CD,"DR Congo",1.031,0.012,16,🇨🇩,2022,95240.792,40.6169
IR,Iran,1.0117,0.0108,17,🇮🇷,2022,86022.837,52.1921
TR,Turkey,1.0061,0.0108,18,🇹🇷,2022,85561.976,109.1962
DE,Germany,0.9998,0.0105,19,🇩🇪,2022,83883.596,234.893
TH,Thailand,1.0018,0.0088,20,🇹🇭,2022,70078.203,136.5727
GB,"United Kingdom",1.0043,0.0086,21,🇬🇧,2022,68497.907,282.0004
FR,France,1.0024,0.0082,22,🇫🇷,2022,65584.518,118.8782
TZ,Tanzania,1.0293,0.008,23,🇹🇿,2022,63298.55,66.9764
ZA,"South Africa",1.0119,0.0076,24,🇿🇦,2022,60756.135,49.7578
IT,Italy,0.9983,0.0076,25,🇮🇹,2022,60262.77,199.9853
KE,Kenya,1.0224,0.0071,26,🇰🇪,2022,56215.221,96.8615
MM,Myanmar,1.0077,0.0069,27,🇲🇲,2022,55227.143,81.6272
CO,Colombia,1.0048,0.0065,28,🇨🇴,2022,51512.762,45.1175
KR,"South Korea",1.0005,0.0065,29,🇰🇷,2022,51329.899,512.2233
UG,Uganda,1.0278,0.0061,30,🇺🇬,2022,48432.863,200.5086
ES,Spain,0.9994,0.0059,31,🇪🇸,2022,46719.142,92.3318
AR,Argentina,1.0089,0.0058,32,🇦🇷,2022,46010.234,16.5481
SD,Sudan,1.0241,0.0058,33,🇸🇩,2022,45992.02,24.3851
DZ,Algeria,1.0164,0.0057,34,🇩🇿,2022,45350.148,19.0408
UA,Ukraine,0.9937,0.0054,35,🇺🇦,2022,43192.122,71.5694
IQ,Iraq,1.0239,0.0053,36,🇮🇶,2022,42164.965,96.1974
AF,Afghanistan,1.0231,0.0051,37,🇦🇫,2022,40754.388,62.4847
CA,Canada,1.0084,0.0048,38,🇨🇦,2022,38388.419,3.8447
MA,Morocco,1.0115,0.0047,39,🇲🇦,2022,37772.756,84.588
PL,Poland,0.9985,0.0047,40,🇵🇱,2022,37739.785,120.6982
SA,"Saudi Arabia",1.0143,0.0045,41,🇸🇦,2022,35844.909,16.6745
AO,Angola,1.0322,0.0044,42,🇦🇴,2022,35027.343,28.096
UZ,Uzbekistan,1.0132,0.0043,43,🇺🇿,2022,34382.084,76.8486
PE,Peru,1.0097,0.0042,44,🇵🇪,2022,33684.208,26.209
MY,Malaysia,1.0124,0.0042,45,🇲🇾,2022,33181.072,100.3046
MZ,Mozambique,1.0288,0.0042,46,🇲🇿,2022,33089.461,41.2798
GH,Ghana,1.0209,0.0041,47,🇬🇭,2022,32395.45,135.8112
YE,Yemen,1.0218,0.0039,48,🇾🇪,2022,31154.867,59.009
NP,Nepal,1.0186,0.0038,49,🇳🇵,2022,30225.582,205.3633
VE,Venezuela,1.0196,0.0037,50,🇻🇪,2022,29266.991,31.9353
MG,Madagascar,1.0264,0.0037,51,🇲🇬,2022,29178.077,49.7036
CM,Cameroon,1.0252,0.0035,52,🇨🇲,2022,27911.548,58.7065
CI,"Ivory Coast",1.0255,0.0035,53,🇨🇮,2022,27742.298,86.0325
NE,Niger,1.0379,0.0033,54,🇳🇪,2022,26083.66,20.5869
AU,Australia,1.0109,0.0033,55,🇦🇺,2022,26068.792,3.3891
KP,"North Korea",1.004,0.0033,56,🇰🇵,2022,25990.679,215.6223
TW,Taiwan,1.0014,0.003,57,🇹🇼,2022,23888.595,660.0336
BF,"Burkina Faso",1.0282,0.0028,58,🇧🇫,2022,22102.838,80.9726
LK,"Sri Lanka",1.0037,0.0027,59,🇱🇰,2022,21575.842,328.8499
ML,Mali,1.0296,0.0027,60,🇲🇱,2022,21473.764,17.3149
MW,Malawi,1.0271,0.0025,61,🇲🇼,2022,20180.839,170.3254
ZM,Zambia,1.029,0.0024,62,🇿🇲,2022,19470.234,25.8702
SY,Syria,1.0596,0.0024,63,🇸🇾,2022,19364.809,104.5729
CL,Chile,1.002,0.0024,64,🇨🇱,2022,19250.195,25.4598
KZ,Kazakhstan,1.0111,0.0024,65,🇰🇿,2022,19205.043,7.048
RO,Romania,0.995,0.0024,66,🇷🇴,2022,19031.335,79.8324
GT,Guatemala,1.0183,0.0023,67,🇬🇹,2022,18584.039,170.6696
EC,Ecuador,1.0126,0.0023,68,🇪🇨,2022,18113.361,65.4288
SN,Senegal,1.0266,0.0022,69,🇸🇳,2022,17653.671,89.7392
TD,Chad,1.0295,0.0022,70,🇹🇩,2022,17413.58,13.562
NL,Netherlands,1.0022,0.0022,71,🇳🇱,2022,17211.447,411.2652
KH,Cambodia,1.0131,0.0022,72,🇰🇭,2022,17168.639,94.836
SO,Somalia,1.0295,0.0021,73,🇸🇴,2022,16841.795,26.412
ZW,Zimbabwe,1.0159,0.0019,74,🇿🇼,2022,15331.428,39.2352
GN,Guinea,1.0273,0.0017,75,🇬🇳,2022,13865.691,56.3974
RW,Rwanda,1.0244,0.0017,76,🇷🇼,2022,13600.464,516.3818
BJ,Benin,1.0268,0.0016,77,🇧🇯,2022,12784.726,113.5189
BI,Burundi,1.0301,0.0016,78,🇧🇮,2022,12624.84,453.5762
TN,Tunisia,1.0093,0.0015,79,🇹🇳,2022,12046.656,73.6303
BO,Bolivia,1.0135,0.0015,80,🇧🇴,2022,11992.656,10.9165
HT,Haiti,1.012,0.0015,81,🇭🇹,2022,11680.283,420.9111
BE,Belgium,1.0031,0.0015,82,🇧🇪,2022,11668.278,382.2156
SS,"South Sudan",1.0208,0.0015,83,🇸🇸,2022,11618.511,18.7472
CU,Cuba,0.999,0.0014,84,🇨🇺,2022,11305.652,102.8872
DO,"Dominican Republic",1.0094,0.0014,85,🇩🇴,2022,11056.37,227.1655
CZ,"Czech Republic",1.0011,0.0013,86,🇨🇿,2022,10736.784,136.1413
GR,Greece,0.9948,0.0013,87,🇬🇷,2022,10316.637,78.1623
JO,Jordan,1.0031,0.0013,88,🇯🇴,2022,10300.869,115.297
AZ,Azerbaijan,1.0075,0.0013,89,🇦🇿,2022,10300.205,118.94
HN,Honduras,1.0157,0.0013,90,🇭🇳,2022,10221.247,90.862
SE,Sweden,1.0058,0.0013,91,🇸🇪,2022,10218.971,22.6939
PT,Portugal,0.9973,0.0013,92,🇵🇹,2022,10140.57,110.1159
AE,"United Arab Emirates",1.0091,0.0013,93,🇦🇪,2022,10081.785,120.5955
TJ,Tajikistan,1.0213,0.0013,94,🇹🇯,2022,9957.464,69.584
HU,Hungary,0.9971,0.0012,95,🇭🇺,2022,9606.259,103.262
BY,Belarus,0.9989,0.0012,96,🇧🇾,2022,9432.8,45.4374
PG,"Papua New Guinea",1.019,0.0012,97,🇵🇬,2022,9292.169,20.0764
AT,Austria,1.0026,0.0011,98,🇦🇹,2022,9066.71,108.103
IL,Israel,1.0151,0.0011,99,🇮🇱,2022,8922.892,429.6048
CH,Switzerland,1.0067,0.0011,100,🇨🇭,2022,8773.637,212.5191
TG,Togo,1.0239,0.0011,101,🇹🇬,2022,8680.837,152.872
RS,Serbia,0.9949,0.0011,102,🇷🇸,2022,8653.016,97.928
SL,"Sierra Leone",1.0203,0.001,103,🇸🇱,2022,8306.436,115.7853
HK,"Hong Kong",1.0068,0.001,104,🇭🇰,2022,7604.299,6887.952
LA,Laos,1.0138,0.0009,105,🇱🇦,2022,7481.023,31.5922
PY,Paraguay,1.0119,0.0009,106,🇵🇾,2022,7305.843,17.9614
LY,Libya,1.0118,0.0009,107,🇱🇾,2022,7040.745,4.0015
BG,Bulgaria,0.9925,0.0009,108,🇧🇬,2022,6844.597,61.7303
NI,Nicaragua,1.0114,0.0009,109,🇳🇮,2022,6779.1,51.9977
KG,Kyrgyzstan,1.0151,0.0008,110,🇰🇬,2022,6728.271,33.6496
LB,Lebanon,0.9875,0.0008,111,🇱🇧,2022,6684.849,639.5761
SV,"El Salvador",1.0049,0.0008,112,🇸🇻,2022,6550.389,311.3155
TM,Turkmenistan,1.0137,0.0008,113,🇹🇲,2022,6201.943,12.7063
SG,Singapore,1.0079,0.0007,114,🇸🇬,2022,5943.546,8371.1915
DK,Denmark,1.0037,0.0007,115,🇩🇰,2022,5834.95,135.4005
CG,"Republic of the Congo",1.0249,0.0007,116,🇨🇬,2022,5797.805,16.9526
FI,Finland,1.0012,0.0007,117,🇫🇮,2022,5554.96,16.4142
NO,Norway,1.0084,0.0007,118,🇳🇴,2022,5511.37,17.0208
SK,Slovakia,0.9999,0.0007,119,🇸🇰,2022,5460.193,111.3484
PS,Palestine,1.0235,0.0007,120,🇵🇸,2022,5345.541,859.4117
OM,Oman,1.0193,0.0007,121,🇴🇲,2022,5323.993,17.2019
LR,Liberia,1.0241,0.0007,122,🇱🇷,2022,5305.117,47.6355
CR,"Costa Rica",1.0084,0.0007,123,🇨🇷,2022,5182.354,101.4159
IE,Ireland,1.0075,0.0006,124,🇮🇪,2022,5020.199,71.4385
CF,"Central African Republic",1.0197,0.0006,125,🇨🇫,2022,5016.678,8.0527
MR,Mauritania,1.0266,0.0006,126,🇲🇷,2022,4901.981,4.756
NZ,"New Zealand",1.0077,0.0006,127,🇳🇿,2022,4898.203,18.1102
PA,Panama,1.0149,0.0006,128,🇵🇦,2022,4446.964,58.965
KW,Kuwait,1.012,0.0006,129,🇰🇼,2022,4380.326,245.8371
HR,Croatia,0.9945,0.0005,130,🇭🇷,2022,4059.286,71.7264
MD,Moldova,0.9973,0.0005,131,🇲🇩,2022,4013.171,118.5715
GE,Georgia,0.9972,0.0005,132,🇬🇪,2022,3968.738,56.9403
ER,Eritrea,1.0169,0.0005,133,🇪🇷,2022,3662.244,31.1415
UY,Uruguay,1.0031,0.0004,134,🇺🇾,2022,3496.016,19.3114
MN,Mongolia,1.0147,0.0004,135,🇲🇳,2022,3378.078,2.1597
BA,"Bosnia and Herzegovina",0.9957,0.0004,136,🇧🇦,2022,3249.317,63.4521
JM,Jamaica,1.0039,0.0004,137,🇯🇲,2022,2985.094,271.5944
QA,Qatar,1.0169,0.0004,138,🇶🇦,2022,2979.915,257.1996
AM,Armenia,1.0013,0.0004,139,🇦🇲,2022,2971.966,99.9215
AL,Albania,0.9977,0.0004,140,🇦🇱,2022,2866.374,99.7069
PR,"Puerto Rico",1.0006,0.0004,141,🇵🇷,2022,2829.812,319.0318
LT,Lithuania,0.9895,0.0003,142,🇱🇹,2022,2661.708,40.7612
NA,Namibia,1.018,0.0003,143,🇳🇦,2022,2633.874,3.1902
GM,Gambia,1.0288,0.0003,144,🇬🇲,2022,2558.482,239.3565
BW,Botswana,1.0183,0.0003,145,🇧🇼,2022,2441.162,4.1944
GA,Gabon,1.0231,0.0003,146,🇬🇦,2022,2331.533,8.7105
LS,Lesotho,1.0077,0.0003,147,🇱🇸,2022,2175.699,71.6751
MK,"North Macedonia",0.9993,0.0003,148,🇲🇰,2022,2081.304,80.9436
SI,Slovenia,0.9997,0.0003,149,🇸🇮,2022,2078.034,102.5025
GW,Guinea-Bissau,1.0238,0.0003,150,🇬🇼,2022,2063.367,57.1174
LV,Latvia,0.9903,0.0002,151,🇱🇻,2022,1848.837,28.6379
BH,Bahrain,1.0204,0.0002,152,🇧🇭,2022,1783.983,2332.0039
GQ,"Equatorial Guinea",1.0323,0.0002,153,🇬🇶,2022,1496.662,53.355
TT,"Trinidad and Tobago",1.0023,0.0002,154,🇹🇹,2022,1406.585,274.1881
TL,Timor-Leste,1.019,0.0002,155,🇹🇱,2022,1369.429,92.0686
EE,Estonia,0.9975,0.0002,156,🇪🇪,2022,1321.91,29.2283
MU,Mauritius,1.001,0.0002,157,🇲🇺,2022,1274.727,624.8662
CY,Cyprus,1.0064,0.0002,158,🇨🇾,2022,1223.387,132.2438
SZ,Eswatini,1.0106,0.0001,159,🇸🇿,2022,1184.817,68.2341
DJ,Djibouti,1.0139,0.0001,160,🇩🇯,2022,1016.097,43.7973
FJ,Fiji,1.0073,0.0001,161,🇫🇯,2022,909.466,49.7738
RE,Reunion,1.0071,0.0001,162,🇷🇪,2022,908.061,361.6332
KM,Comoros,1.0213,0.0001,163,🇰🇲,2022,907.419,487.3357
GY,Guyana,1.0047,0.0001,164,🇬🇾,2022,794.045,3.6938
BT,Bhutan,1.0103,0.0001,165,🇧🇹,2022,787.941,20.5225
SB,"Solomon Islands",1.0244,0.0001,166,🇸🇧,2022,721.159,24.9571
MO,Macau,1.0138,0.0001,167,🇲🇴,2022,667.49,22249.6667
LU,Luxembourg,1.0119,0.0001,168,🇱🇺,2022,642.371,248.4033
ME,Montenegro,0.9998,0.0001,169,🇲🇪,2022,627.95,45.4641
EH,"Western Sahara",1.0233,0.0001,170,🇪🇭,2022,626.161,2.354
SR,Suriname,1.0085,0.0001,171,🇸🇷,2022,596.831,3.6432
CV,"Cape Verde",1.0103,0.0001,172,🇨🇻,2022,567.678,140.7582
MV,Maldives,0.9952,0.0001,173,🇲🇻,2022,540.985,1803.2833
BN,Brunei,1.0088,0.0001,174,🇧🇳,2022,445.431,77.2647
MT,Malta,1.0028,0.0001,175,🇲🇹,2022,444.033,1405.1677
BZ,Belize,1.018,0.0001,176,🇧🇿,2022,412.19,17.9478
BS,Bahamas,1.0091,0.0001,177,🇧🇸,2022,400.516,28.7252
GP,Guadeloupe,0.9994,0.0001,178,🇬🇵,2022,399.794,245.5737
MQ,Martinique,0.9982,0,179,🇲🇶,2022,374.087,331.6374
IS,Iceland,1.0059,0,180,🇮🇸,2022,345.393,3.3533
VU,Vanuatu,1.0234,0,181,🇻🇺,2022,321.832,26.4035
GF,"French Guiana",1.0252,0,182,🇬🇫,2022,314.169,3.761
NC,"New Caledonia",1.0094,0,183,🇳🇨,2022,290.915,15.6616
BB,Barbados,1.0011,0,184,🇧🇧,2022,288.023,669.8209
YT,Mayotte,1.0241,0,185,🇾🇹,2022,286.259,765.3984
PF,"French Polynesia",1.0058,0,186,🇵🇫,2022,284.164,68.1939
ST,"Sao Tome and Principe",1.0193,0,187,🇸🇹,2022,227.679,236.1815
WS,Samoa,1.0104,0,188,🇼🇸,2022,202.239,71.1608
LC,"Saint Lucia",1.0039,0,189,🇱🇨,2022,185.113,300.5081
GU,Guam,1.0079,0,190,🇬🇺,2022,171.519,312.4208
CW,Curacao,1.0044,0,191,🇨🇼,2022,165.529,372.8131
KI,Kiribati,1.0167,0,192,🇰🇮,2022,123.419,152.1813
FM,Micronesia,1.0106,0,193,🇫🇲,2022,117.489,167.3632
GD,Grenada,1.004,0,194,🇬🇩,2022,113.475,329.8692
VC,"Saint Vincent and the Grenadines",1.0026,0,195,🇻🇨,2022,111.551,286.7635
TO,Tonga,1.0093,0,196,🇹🇴,2022,107.749,144.2423
AW,Aruba,1.0038,0,197,🇦🇼,2022,107.609,597.8278
VI,"United States Virgin Islands",0.9976,0,198,🇻🇮,2022,103.971,299.6282
AG,"Antigua and Barbuda",1.0079,0,199,🇦🇬,2022,99.509,225.1335
SC,Seychelles,1.0052,0,200,🇸🇨,2022,99.426,219.969
IM,"Isle of Man",1.0038,0,201,🇮🇲,2022,85.732,149.8811
AD,Andorra,1.0014,0,202,🇦🇩,2022,77.463,165.5192
DM,Dominica,1.0025,0,203,🇩🇲,2022,72.344,96.3302
KY,"Cayman Islands",1.0117,0,204,🇰🇾,2022,67.277,254.8371
BM,Bermuda,0.9976,0,205,🇧🇲,2022,61.939,1147.0185
MH,"Marshall Islands",1.0075,0,206,🇲🇭,2022,60.057,331.8066
MP,"Northern Mariana Islands",1.0061,0,207,🇲🇵,2022,58.269,125.5797
GL,Greenland,1.0017,0,208,🇬🇱,2022,56.973,0.0263
AS,"American Samoa",0.9987,0,209,🇦🇸,2022,55.03,276.5327
KN,"Saint Kitts and Nevis",1.0061,0,210,🇰🇳,2022,53.871,206.4023
FO,"Faroe Islands",1.0038,0,211,🇫🇴,2022,49.233,35.3431
SX,"Sint Maarten",1.0128,0,212,🇸🇽,2022,43.966,1293.1176
MC,Monaco,1.0069,0,213,🇲🇨,2022,39.783,19891.5
TC,"Turks and Caicos Islands",1.013,0,214,🇹🇨,2022,39.741,41.9209
MF,"Saint Martin",1.0126,0,215,🇲🇫,2022,39.73,749.6226
LI,Liechtenstein,1.0036,0,216,🇱🇮,2022,38.387,239.9187
SM,"San Marino",1.002,0,217,🇸🇲,2022,34.085,558.7705
GI,Gibraltar,1.0002,0,218,🇬🇮,2022,33.704,5617.3333
VG,"British Virgin Islands",1.0058,0,219,🇻🇬,2022,30.596,202.6225
PW,Palau,1.0035,0,220,🇵🇼,2022,18.233,39.7233
CK,"Cook Islands",1.0003,0,221,🇨🇰,2022,17.571,74.4534
AI,Anguilla,1.0075,0,222,🇦🇮,2022,15.23,167.3626
TV,Tuvalu,1.0113,0,223,🇹🇻,2022,12.066,464.0769
WF,"Wallis and Futuna",0.9899,0,224,🇼🇫,2022,10.982,77.338
NR,Nauru,1.0025,0,225,🇳🇷,2022,10.903,519.1905
BL,"Saint Barthelemy",1.0038,0,226,🇧🇱,2022,9.945,473.5714
PM,"Saint Pierre and Miquelon",0.9988,0,227,🇵🇲,2022,5.759,23.7975
MS,Montserrat,0.9976,0,228,🇲🇸,2022,4.965,48.6765
FK,"Falkland Islands",1.0017,0,229,🇫🇰,2022,3.539,0.2907
NU,Niue,1.0019,0,230,🇳🇺,2022,1.622,6.2385
TK,Tokelau,1.0036,0,231,🇹🇰,2022,1.378,114.8333
VA,"Vatican City",0.9988,0,232,🇻🇦,2022,0.799,799
CN,China,1.0029,0.1821,1,🇨🇳,2020,1439323.776,149.2199
IN,India,1.0095,0.1768,2,🇮🇳,2020,1380004.385,427.8611
US,"United States",1.0057,0.0421,3,🇺🇸,2020,331002.651,35.7217
ID,Indonesia,1.01,0.0351,4,🇮🇩,2020,273523.615,146.5605
PK,Pakistan,1.019,0.0289,5,🇵🇰,2020,220892.34,260.2176
NG,Nigeria,1.0253,0.0273,6,🇳🇬,2020,206139.589,234.6335
BR,Brazil,1.0064,0.0271,7,🇧🇷,2020,212559.417,25.2888
BD,Bangladesh,1.0095,0.0211,8,🇧🇩,2020,164689.383,1137.6682
RU,Russia,0.9993,0.0183,9,🇷🇺,2020,145934.462,8.5275
MX,Mexico,1.01,0.0165,10,🇲🇽,2020,128932.753,66.9744
JP,Japan,0.9963,0.0158,11,🇯🇵,2020,126476.461,332.2966
ET,Ethiopia,1.0249,0.0152,12,🇪🇹,2020,114963.588,109.4021
PH,Philippines,1.0132,0.0141,13,🇵🇭,2020,109581.078,328.6345
EG,Egypt,1.0182,0.0133,14,🇪🇬,2020,102334.404,105.8972
VN,Vietnam,1.008,0.0124,15,🇻🇳,2020,97338.579,298.7619
CD,"DR Congo",1.031,0.012,16,🇨🇩,2020,89561.403,40.6169
IR,Iran,1.0117,0.0108,17,🇮🇷,2020,83992.949,52.1921
TR,Turkey,1.0061,0.0108,18,🇹🇷,2020,84339.067,109.1962
DE,Germany,0.9998,0.0105,19,🇩🇪,2020,83783.942,234.893
TH,Thailand,1.0018,0.0088,20,🇹🇭,2020,69799.978,136.5727
GB,"United Kingdom",1.0043,0.0086,21,🇬🇧,2020,67886.011,282.0004
FR,France,1.0024,0.0082,22,🇫🇷,2020,65273.511,118.8782
TZ,Tanzania,1.0293,0.008,23,🇹🇿,2020,59734.218,66.9764
ZA,"South Africa",1.0119,0.0076,24,🇿🇦,2020,59308.69,49.7578
IT,Italy,0.9983,0.0076,25,🇮🇹,2020,60461.826,199.9853
KE,Kenya,1.0224,0.0071,26,🇰🇪,2020,53771.296,96.8615
MM,Myanmar,1.0077,0.0069,27,🇲🇲,2020,54409.8,81.6272
CO,Colombia,1.0048,0.0065,28,🇨🇴,2020,50882.891,45.1175
KR,"South Korea",1.0005,0.0065,29,🇰🇷,2020,51269.185,512.2233
UG,Uganda,1.0278,0.0061,30,🇺🇬,2020,45741.007,200.5086
ES,Spain,0.9994,0.0059,31,🇪🇸,2020,46754.778,92.3318
AR,Argentina,1.0089,0.0058,32,🇦🇷,2020,45195.774,16.5481
SD,Sudan,1.0241,0.0058,33,🇸🇩,2020,43849.26,24.3851
DZ,Algeria,1.0164,0.0057,34,🇩🇿,2020,43851.044,19.0408
UA,Ukraine,0.9937,0.0054,35,🇺🇦,2020,43733.762,71.5694
IQ,Iraq,1.0239,0.0053,36,🇮🇶,2020,40222.493,96.1974
AF,Afghanistan,1.0231,0.0051,37,🇦🇫,2020,38928.346,62.4847
CA,Canada,1.0084,0.0048,38,🇨🇦,2020,37742.154,3.8447
MA,Morocco,1.0115,0.0047,39,🇲🇦,2020,36910.56,84.588
PL,Poland,0.9985,0.0047,40,🇵🇱,2020,37846.611,120.6982
SA,"Saudi Arabia",1.0143,0.0045,41,🇸🇦,2020,34813.871,16.6745
AO,Angola,1.0322,0.0044,42,🇦🇴,2020,32866.272,28.096
UZ,Uzbekistan,1.0132,0.0043,43,🇺🇿,2020,33469.203,76.8486
PE,Peru,1.0097,0.0042,44,🇵🇪,2020,32971.854,26.209
MY,Malaysia,1.0124,0.0042,45,🇲🇾,2020,32365.999,100.3046
MZ,Mozambique,1.0288,0.0042,46,🇲🇿,2020,31255.435,41.2798
GH,Ghana,1.0209,0.0041,47,🇬🇭,2020,31072.94,135.8112
YE,Yemen,1.0218,0.0039,48,🇾🇪,2020,29825.964,59.009
NP,Nepal,1.0186,0.0038,49,🇳🇵,2020,29136.808,205.3633
VE,Venezuela,1.0196,0.0037,50,🇻🇪,2020,28435.94,31.9353
MG,Madagascar,1.0264,0.0037,51,🇲🇬,2020,27691.018,49.7036
CM,Cameroon,1.0252,0.0035,52,🇨🇲,2020,26545.863,58.7065
CI,"Ivory Coast",1.0255,0.0035,53,🇨🇮,2020,26378.274,86.0325
NE,Niger,1.0379,0.0033,54,🇳🇪,2020,24206.644,20.5869
AU,Australia,1.0109,0.0033,55,🇦🇺,2020,25499.884,3.3891
KP,"North Korea",1.004,0.0033,56,🇰🇵,2020,25778.816,215.6223
TW,Taiwan,1.0014,0.003,57,🇹🇼,2020,23816.775,660.0336
BF,"Burkina Faso",1.0282,0.0028,58,🇧🇫,2020,20903.273,80.9726
LK,"Sri Lanka",1.0037,0.0027,59,🇱🇰,2020,21413.249,328.8499
ML,Mali,1.0296,0.0027,60,🇲🇱,2020,20250.833,17.3149
MW,Malawi,1.0271,0.0025,61,🇲🇼,2020,19129.952,170.3254
ZM,Zambia,1.029,0.0024,62,🇿🇲,2020,18383.955,25.8702
SY,Syria,1.0596,0.0024,63,🇸🇾,2020,17500.658,104.5729
CL,Chile,1.002,0.0024,64,🇨🇱,2020,19116.201,25.4598
KZ,Kazakhstan,1.0111,0.0024,65,🇰🇿,2020,18776.707,7.048
RO,Romania,0.995,0.0024,66,🇷🇴,2020,19237.691,79.8324
GT,Guatemala,1.0183,0.0023,67,🇬🇹,2020,17915.568,170.6696
EC,Ecuador,1.0126,0.0023,68,🇪🇨,2020,17643.054,65.4288
SN,Senegal,1.0266,0.0022,69,🇸🇳,2020,16743.927,89.7392
TD,Chad,1.0295,0.0022,70,🇹🇩,2020,16425.864,13.562
NL,Netherlands,1.0022,0.0022,71,🇳🇱,2020,17134.872,411.2652
KH,Cambodia,1.0131,0.0022,72,🇰🇭,2020,16718.965,94.836
SO,Somalia,1.0295,0.0021,73,🇸🇴,2020,15893.222,26.412
ZW,Zimbabwe,1.0159,0.0019,74,🇿🇼,2020,14862.924,39.2352
GN,Guinea,1.0273,0.0017,75,🇬🇳,2020,13132.795,56.3974
RW,Rwanda,1.0244,0.0017,76,🇷🇼,2020,12952.218,516.3818
BJ,Benin,1.0268,0.0016,77,🇧🇯,2020,12123.2,113.5189
BI,Burundi,1.0301,0.0016,78,🇧🇮,2020,11890.784,453.5762
TN,Tunisia,1.0093,0.0015,79,🇹🇳,2020,11818.619,73.6303
BO,Bolivia,1.0135,0.0015,80,🇧🇴,2020,11673.021,10.9165
HT,Haiti,1.012,0.0015,81,🇭🇹,2020,11402.528,420.9111
BE,Belgium,1.0031,0.0015,82,🇧🇪,2020,11589.623,382.2156
SS,"South Sudan",1.0208,0.0015,83,🇸🇸,2020,11193.725,18.7472
CU,Cuba,0.999,0.0014,84,🇨🇺,2020,11326.616,102.8872
DO,"Dominican Republic",1.0094,0.0014,85,🇩🇴,2020,10847.91,227.1655
CZ,"Czech Republic",1.0011,0.0013,86,🇨🇿,2020,10708.981,136.1413
GR,Greece,0.9948,0.0013,87,🇬🇷,2020,10423.054,78.1623
JO,Jordan,1.0031,0.0013,88,🇯🇴,2020,10203.134,115.297
AZ,Azerbaijan,1.0075,0.0013,89,🇦🇿,2020,10139.177,118.94
HN,Honduras,1.0157,0.0013,90,🇭🇳,2020,9904.607,90.862
SE,Sweden,1.0058,0.0013,91,🇸🇪,2020,10099.265,22.6939
PT,Portugal,0.9973,0.0013,92,🇵🇹,2020,10196.709,110.1159
AE,"United Arab Emirates",1.0091,0.0013,93,🇦🇪,2020,9890.402,120.5955
TJ,Tajikistan,1.0213,0.0013,94,🇹🇯,2020,9537.645,69.584
HU,Hungary,0.9971,0.0012,95,🇭🇺,2020,9660.351,103.262
BY,Belarus,0.9989,0.0012,96,🇧🇾,2020,9449.323,45.4374
PG,"Papua New Guinea",1.019,0.0012,97,🇵🇬,2020,8947.024,20.0764
AT,Austria,1.0026,0.0011,98,🇦🇹,2020,9006.398,108.103
IL,Israel,1.0151,0.0011,99,🇮🇱,2020,8655.535,429.6048
CH,Switzerland,1.0067,0.0011,100,🇨🇭,2020,8654.622,212.5191
TG,Togo,1.0239,0.0011,101,🇹🇬,2020,8278.724,152.872
RS,Serbia,0.9949,0.0011,102,🇷🇸,2020,8737.371,97.928
SL,"Sierra Leone",1.0203,0.001,103,🇸🇱,2020,7976.983,115.7853
HK,"Hong Kong",1.0068,0.001,104,🇭🇰,2020,7496.981,6887.952
LA,Laos,1.0138,0.0009,105,🇱🇦,2020,7275.56,31.5922
PY,Paraguay,1.0119,0.0009,106,🇵🇾,2020,7132.538,17.9614
LY,Libya,1.0118,0.0009,107,🇱🇾,2020,6871.292,4.0015
BG,Bulgaria,0.9925,0.0009,108,🇧🇬,2020,6948.445,61.7303
NI,Nicaragua,1.0114,0.0009,109,🇳🇮,2020,6624.554,51.9977
KG,Kyrgyzstan,1.0151,0.0008,110,🇰🇬,2020,6524.195,33.6496
LB,Lebanon,0.9875,0.0008,111,🇱🇧,2020,6825.445,639.5761
SV,"El Salvador",1.0049,0.0008,112,🇸🇻,2020,6486.205,311.3155
TM,Turkmenistan,1.0137,0.0008,113,🇹🇲,2020,6031.2,12.7063
SG,Singapore,1.0079,0.0007,114,🇸🇬,2020,5850.342,8371.1915
DK,Denmark,1.0037,0.0007,115,🇩🇰,2020,5792.202,135.4005
CG,"Republic of the Congo",1.0249,0.0007,116,🇨🇬,2020,5518.087,16.9526
FI,Finland,1.0012,0.0007,117,🇫🇮,2020,5540.72,16.4142
NO,Norway,1.0084,0.0007,118,🇳🇴,2020,5421.241,17.0208
SK,Slovakia,0.9999,0.0007,119,🇸🇰,2020,5459.642,111.3484
PS,Palestine,1.0235,0.0007,120,🇵🇸,2020,5101.414,859.4117
OM,Oman,1.0193,0.0007,121,🇴🇲,2020,5106.626,17.2019
LR,Liberia,1.0241,0.0007,122,🇱🇷,2020,5057.681,47.6355
CR,"Costa Rica",1.0084,0.0007,123,🇨🇷,2020,5094.118,101.4159
IE,Ireland,1.0075,0.0006,124,🇮🇪,2020,4937.786,71.4385
CF,"Central African Republic",1.0197,0.0006,125,🇨🇫,2020,4829.767,8.0527
MR,Mauritania,1.0266,0.0006,126,🇲🇷,2020,4649.658,4.756
NZ,"New Zealand",1.0077,0.0006,127,🇳🇿,2020,4822.233,18.1102
PA,Panama,1.0149,0.0006,128,🇵🇦,2020,4314.767,58.965
KW,Kuwait,1.012,0.0006,129,🇰🇼,2020,4270.571,245.8371
HR,Croatia,0.9945,0.0005,130,🇭🇷,2020,4105.267,71.7264
MD,Moldova,0.9973,0.0005,131,🇲🇩,2020,4033.963,118.5715
GE,Georgia,0.9972,0.0005,132,🇬🇪,2020,3989.167,56.9403
ER,Eritrea,1.0169,0.0005,133,🇪🇷,2020,3546.421,31.1415
UY,Uruguay,1.0031,0.0004,134,🇺🇾,2020,3473.73,19.3114
MN,Mongolia,1.0147,0.0004,135,🇲🇳,2020,3278.29,2.1597
BA,"Bosnia and Herzegovina",0.9957,0.0004,136,🇧🇦,2020,3280.819,63.4521
JM,Jamaica,1.0039,0.0004,137,🇯🇲,2020,2961.167,271.5944
QA,Qatar,1.0169,0.0004,138,🇶🇦,2020,2881.053,257.1996
AM,Armenia,1.0013,0.0004,139,🇦🇲,2020,2963.243,99.9215
AL,Albania,0.9977,0.0004,140,🇦🇱,2020,2877.797,99.7069
PR,"Puerto Rico",1.0006,0.0004,141,🇵🇷,2020,2860.853,319.0318
LT,Lithuania,0.9895,0.0003,142,🇱🇹,2020,2722.289,40.7612
NA,Namibia,1.018,0.0003,143,🇳🇦,2020,2540.905,3.1902
GM,Gambia,1.0288,0.0003,144,🇬🇲,2020,2416.668,239.3565
BW,Botswana,1.0183,0.0003,145,🇧🇼,2020,2351.627,4.1944
GA,Gabon,1.0231,0.0003,146,🇬🇦,2020,2225.734,8.7105
LS,Lesotho,1.0077,0.0003,147,🇱🇸,2020,2142.249,71.6751
MK,"North Macedonia",0.9993,0.0003,148,🇲🇰,2020,2083.374,80.9436
SI,Slovenia,0.9997,0.0003,149,🇸🇮,2020,2078.938,102.5025
GW,Guinea-Bissau,1.0238,0.0003,150,🇬🇼,2020,1968.001,57.1174
LV,Latvia,0.9903,0.0002,151,🇱🇻,2020,1886.198,28.6379
BH,Bahrain,1.0204,0.0002,152,🇧🇭,2020,1701.575,2332.0039
GQ,"Equatorial Guinea",1.0323,0.0002,153,🇬🇶,2020,1402.985,53.355
TT,"Trinidad and Tobago",1.0023,0.0002,154,🇹🇹,2020,1399.488,274.1881
TL,Timor-Leste,1.019,0.0002,155,🇹🇱,2020,1318.445,92.0686
EE,Estonia,0.9975,0.0002,156,🇪🇪,2020,1326.535,29.2283
MU,Mauritius,1.001,0.0002,157,🇲🇺,2020,1271.768,624.8662
CY,Cyprus,1.0064,0.0002,158,🇨🇾,2020,1207.359,132.2438
SZ,Eswatini,1.0106,0.0001,159,🇸🇿,2020,1160.164,68.2341
DJ,Djibouti,1.0139,0.0001,160,🇩🇯,2020,988,43.7973
FJ,Fiji,1.0073,0.0001,161,🇫🇯,2020,896.445,49.7738
RE,Reunion,1.0071,0.0001,162,🇷🇪,2020,895.312,361.6332
KM,Comoros,1.0213,0.0001,163,🇰🇲,2020,869.601,487.3357
GY,Guyana,1.0047,0.0001,164,🇬🇾,2020,786.552,3.6938
BT,Bhutan,1.0103,0.0001,165,🇧🇹,2020,771.608,20.5225
SB,"Solomon Islands",1.0244,0.0001,166,🇸🇧,2020,686.884,24.9571
MO,Macau,1.0138,0.0001,167,🇲🇴,2020,649.335,22249.6667
LU,Luxembourg,1.0119,0.0001,168,🇱🇺,2020,625.978,248.4033
ME,Montenegro,0.9998,0.0001,169,🇲🇪,2020,628.066,45.4641
EH,"Western Sahara",1.0233,0.0001,170,🇪🇭,2020,597.339,2.354
SR,Suriname,1.0085,0.0001,171,🇸🇷,2020,586.632,3.6432
CV,"Cape Verde",1.0103,0.0001,172,🇨🇻,2020,555.987,140.7582
MV,Maldives,0.9952,0.0001,173,🇲🇻,2020,540.544,1803.2833
BN,Brunei,1.0088,0.0001,174,🇧🇳,2020,437.479,77.2647
MT,Malta,1.0028,0.0001,175,🇲🇹,2020,441.543,1405.1677
BZ,Belize,1.018,0.0001,176,🇧🇿,2020,397.628,17.9478
BS,Bahamas,1.0091,0.0001,177,🇧🇸,2020,393.244,28.7252
GP,Guadeloupe,0.9994,0.0001,178,🇬🇵,2020,400.124,245.5737
MQ,Martinique,0.9982,0,179,🇲🇶,2020,375.265,331.6374
IS,Iceland,1.0059,0,180,🇮🇸,2020,341.243,3.3533
VU,Vanuatu,1.0234,0,181,🇻🇺,2020,307.145,26.4035
GF,"French Guiana",1.0252,0,182,🇬🇫,2020,298.682,3.761
NC,"New Caledonia",1.0094,0,183,🇳🇨,2020,285.498,15.6616
BB,Barbados,1.0011,0,184,🇧🇧,2020,287.375,669.8209
YT,Mayotte,1.0241,0,185,🇾🇹,2020,272.815,765.3984
PF,"French Polynesia",1.0058,0,186,🇵🇫,2020,280.908,68.1939
ST,"Sao Tome and Principe",1.0193,0,187,🇸🇹,2020,219.159,236.1815
WS,Samoa,1.0104,0,188,🇼🇸,2020,198.414,71.1608
LC,"Saint Lucia",1.0039,0,189,🇱🇨,2020,183.627,300.5081
GU,Guam,1.0079,0,190,🇬🇺,2020,168.775,312.4208
CW,Curacao,1.0044,0,191,🇨🇼,2020,164.093,372.8131
KI,Kiribati,1.0167,0,192,🇰🇮,2020,119.449,152.1813
FM,Micronesia,1.0106,0,193,🇫🇲,2020,115.023,167.3632
GD,Grenada,1.004,0,194,🇬🇩,2020,112.523,329.8692
VC,"Saint Vincent and the Grenadines",1.0026,0,195,🇻🇨,2020,110.94,286.7635
TO,Tonga,1.0093,0,196,🇹🇴,2020,105.695,144.2423
AW,Aruba,1.0038,0,197,🇦🇼,2020,106.766,597.8278
VI,"United States Virgin Islands",0.9976,0,198,🇻🇮,2020,104.425,299.6282
AG,"Antigua and Barbuda",1.0079,0,199,🇦🇬,2020,97.929,225.1335
SC,Seychelles,1.0052,0,200,🇸🇨,2020,98.347,219.969
IM,"Isle of Man",1.0038,0,201,🇮🇲,2020,85.033,149.8811
AD,Andorra,1.0014,0,202,🇦🇩,2020,77.265,165.5192
DM,Dominica,1.0025,0,203,🇩🇲,2020,71.986,96.3302
KY,"Cayman Islands",1.0117,0,204,🇰🇾,2020,65.722,254.8371
BM,Bermuda,0.9976,0,205,🇧🇲,2020,62.278,1147.0185
MH,"Marshall Islands",1.0075,0,206,🇲🇭,2020,59.19,331.8066
MP,"Northern Mariana Islands",1.0061,0,207,🇲🇵,2020,57.559,125.5797
GL,Greenland,1.0017,0,208,🇬🇱,2020,56.77,0.0263
AS,"American Samoa",0.9987,0,209,🇦🇸,2020,55.191,276.5327
KN,"Saint Kitts and Nevis",1.0061,0,210,🇰🇳,2020,53.199,206.4023
FO,"Faroe Islands",1.0038,0,211,🇫🇴,2020,48.863,35.3431
SX,"Sint Maarten",1.0128,0,212,🇸🇽,2020,42.876,1293.1176
MC,Monaco,1.0069,0,213,🇲🇨,2020,39.242,19891.5
TC,"Turks and Caicos Islands",1.013,0,214,🇹🇨,2020,38.717,41.9209
MF,"Saint Martin",1.0126,0,215,🇲🇫,2020,38.666,749.6226
LI,Liechtenstein,1.0036,0,216,🇱🇮,2020,38.128,239.9187
SM,"San Marino",1.002,0,217,🇸🇲,2020,33.931,558.7705
GI,Gibraltar,1.0002,0,218,🇬🇮,2020,33.691,5617.3333
VG,"British Virgin Islands",1.0058,0,219,🇻🇬,2020,30.231,202.6225
PW,Palau,1.0035,0,220,🇵🇼,2020,18.094,39.7233
CK,"Cook Islands",1.0003,0,221,🇨🇰,2020,17.564,74.4534
AI,Anguilla,1.0075,0,222,🇦🇮,2020,15.003,167.3626
TV,Tuvalu,1.0113,0,223,🇹🇻,2020,11.792,464.0769
WF,"Wallis and Futuna",0.9899,0,224,🇼🇫,2020,11.239,77.338
NR,Nauru,1.0025,0,225,🇳🇷,2020,10.824,519.1905
BL,"Saint Barthelemy",1.0038,0,226,🇧🇱,2020,9.877,473.5714
PM,"Saint Pierre and Miquelon",0.9988,0,227,🇵🇲,2020,5.794,23.7975
MS,Montserrat,0.9976,0,228,🇲🇸,2020,4.992,48.6765
FK,"Falkland Islands",1.0017,0,229,🇫🇰,2020,3.48,0.2907
NU,Niue,1.0019,0,230,🇳🇺,2020,1.626,6.2385
TK,Tokelau,1.0036,0,231,🇹🇰,2020,1.357,114.8333
VA,"Vatican City",0.9988,0,232,🇻🇦,2020,0.801,799
CN,China,1.0029,0.1821,1,🇨🇳,2050,1402405.17,149.2199
IN,India,1.0095,0.1768,2,🇮🇳,2050,1639176.033,427.8611
US,"United States",1.0057,0.0421,3,🇺🇸,2050,379419.102,35.7217
ID,Indonesia,1.01,0.0351,4,🇮🇩,2050,330904.664,146.5605
PK,Pakistan,1.019,0.0289,5,🇵🇰,2050,338013.196,260.2176
NG,Nigeria,1.0253,0.0273,6,🇳🇬,2050,401315,234.6335
BR,Brazil,1.0064,0.0271,7,🇧🇷,2050,228980.4,25.2888
BD,Bangladesh,1.0095,0.0211,8,🇧🇩,2050,192567.778,1137.6682
RU,Russia,0.9993,0.0183,9,🇷🇺,2050,135824.481,8.5275
MX,Mexico,1.01,0.0165,10,🇲🇽,2050,155150.818,66.9744
JP,Japan,0.9963,0.0158,11,🇯🇵,2050,105804.027,332.2966
ET,Ethiopia,1.0249,0.0152,12,🇪🇹,2050,205410.675,109.4021
PH,Philippines,1.0132,0.0141,13,🇵🇭,2050,144488.158,328.6345
EG,Egypt,1.0182,0.0133,14,🇪🇬,2050,159956.808,105.8972
VN,Vietnam,1.008,0.0124,15,🇻🇳,2050,109605.011,298.7619
CD,"DR Congo",1.031,0.012,16,🇨🇩,2050,194488.658,40.6169
IR,Iran,1.0117,0.0108,17,🇮🇷,2050,103098.075,52.1921
TR,Turkey,1.0061,0.0108,18,🇹🇷,2050,97139.57,109.1962
DE,Germany,0.9998,0.0105,19,🇩🇪,2050,80103.978,234.893
TH,Thailand,1.0018,0.0088,20,🇹🇭,2050,65940.489,136.5727
GB,"United Kingdom",1.0043,0.0086,21,🇬🇧,2050,74081.981,282.0004
FR,France,1.0024,0.0082,22,🇫🇷,2050,67586.728,118.8782
TZ,Tanzania,1.0293,0.008,23,🇹🇿,2050,129386.839,66.9764
ZA,"South Africa",1.0119,0.0076,24,🇿🇦,2050,75517.92,49.7578
IT,Italy,0.9983,0.0076,25,🇮🇹,2050,54381.673,199.9853
KE,Kenya,1.0224,0.0071,26,🇰🇪,2050,91575.089,96.8615
MM,Myanmar,1.0077,0.0069,27,🇲🇲,2050,62253.43,81.6272
CO,Colombia,1.0048,0.0065,28,🇨🇴,2050,55957.824,45.1175
KR,"South Korea",1.0005,0.0065,29,🇰🇷,2050,46829.925,512.2233
UG,Uganda,1.0278,0.0061,30,🇺🇬,2050,89446.904,200.5086
ES,Spain,0.9994,0.0059,31,🇪🇸,2050,43637.41,92.3318
AR,Argentina,1.0089,0.0058,32,🇦🇷,2050,54867.256,16.5481
SD,Sudan,1.0241,0.0058,33,🇸🇩,2050,81192.823,24.3851
DZ,Algeria,1.0164,0.0057,34,🇩🇿,2050,60923.386,19.0408
UA,Ukraine,0.9937,0.0054,35,🇺🇦,2050,35219.042,71.5694
IQ,Iraq,1.0239,0.0053,36,🇮🇶,2050,70940.126,96.1974
AF,Afghanistan,1.0231,0.0051,37,🇦🇫,2050,64682.974,62.4847
CA,Canada,1.0084,0.0048,38,🇨🇦,2050,45669.441,3.8447
MA,Morocco,1.0115,0.0047,39,🇲🇦,2050,46165.501,84.588
PL,Poland,0.9985,0.0047,40,🇵🇱,2050,33294.567,120.6982
SA,"Saudi Arabia",1.0143,0.0045,41,🇸🇦,2050,44562.476,16.6745
AO,Angola,1.0322,0.0044,42,🇦🇴,2050,77420.346,28.096
UZ,Uzbekistan,1.0132,0.0043,43,🇺🇿,2050,42942.485,76.8486
PE,Peru,1.0097,0.0042,44,🇵🇪,2050,40373.987,26.209
MY,Malaysia,1.0124,0.0042,45,🇲🇾,2050,40550.365,100.3046
MZ,Mozambique,1.0288,0.0042,46,🇲🇿,2050,65312.929,41.2798
GH,Ghana,1.0209,0.0041,47,🇬🇭,2050,52016.125,135.8112
YE,Yemen,1.0218,0.0039,48,🇾🇪,2050,48080.021,59.009
NP,Nepal,1.0186,0.0038,49,🇳🇵,2050,35323.921,205.3633
VE,Venezuela,1.0196,0.0037,50,🇻🇪,2050,37023.115,31.9353
MG,Madagascar,1.0264,0.0037,51,🇲🇬,2050,54048.128,49.7036
CM,Cameroon,1.0252,0.0035,52,🇨🇲,2050,50573.042,58.7065
CI,"Ivory Coast",1.0255,0.0035,53,🇨🇮,2050,51263.671,86.0325
NE,Niger,1.0379,0.0033,54,🇳🇪,2050,65593.043,20.5869
AU,Australia,1.0109,0.0033,55,🇦🇺,2050,32814.113,3.3891
KP,"North Korea",1.004,0.0033,56,🇰🇵,2050,26561.619,215.6223
TW,Taiwan,1.0014,0.003,57,🇹🇼,2050,22412.982,660.0336
BF,"Burkina Faso",1.0282,0.0028,58,🇧🇫,2050,43432.184,80.9726
LK,"Sri Lanka",1.0037,0.0027,59,🇱🇰,2050,21813.968,328.8499
ML,Mali,1.0296,0.0027,60,🇲🇱,2050,43585.53,17.3149
MW,Malawi,1.0271,0.0025,61,🇲🇼,2050,38142.973,170.3254
ZM,Zambia,1.029,0.0024,62,🇿🇲,2050,39120.917,25.8702
SY,Syria,1.0596,0.0024,63,🇸🇾,2050,33129.321,104.5729
CL,Chile,1.002,0.0024,64,🇨🇱,2050,20319.307,25.4598
KZ,Kazakhstan,1.0111,0.0024,65,🇰🇿,2050,24024.045,7.048
RO,Romania,0.995,0.0024,66,🇷🇴,2050,16259.787,79.8324
GT,Guatemala,1.0183,0.0023,67,🇬🇹,2050,26920.712,170.6696
EC,Ecuador,1.0126,0.0023,68,🇪🇨,2050,23316.457,65.4288
SN,Senegal,1.0266,0.0022,69,🇸🇳,2050,33186.859,89.7392
TD,Chad,1.0295,0.0022,70,🇹🇩,2050,34031.311,13.562
NL,Netherlands,1.0022,0.0022,71,🇳🇱,2050,17165.372,411.2652
KH,Cambodia,1.0131,0.0022,72,🇰🇭,2050,21860.919,94.836
SO,Somalia,1.0295,0.0021,73,🇸🇴,2050,34922.447,26.412
ZW,Zimbabwe,1.0159,0.0019,74,🇿🇼,2050,23947.923,39.2352
GN,Guinea,1.0273,0.0017,75,🇬🇳,2050,25971.806,56.3974
RW,Rwanda,1.0244,0.0017,76,🇷🇼,2050,23048.005,516.3818
BJ,Benin,1.0268,0.0016,77,🇧🇯,2050,24280.477,113.5189
BI,Burundi,1.0301,0.0016,78,🇧🇮,2050,25324.761,453.5762
TN,Tunisia,1.0093,0.0015,79,🇹🇳,2050,13796.6,73.6303
BO,Bolivia,1.0135,0.0015,80,🇧🇴,2050,15839.563,10.9165
HT,Haiti,1.012,0.0015,81,🇭🇹,2050,14877.779,420.9111
BE,Belgium,1.0031,0.0015,82,🇧🇪,2050,12220.765,382.2156
SS,"South Sudan",1.0208,0.0015,83,🇸🇸,2050,19962.712,18.7472
CU,Cuba,0.999,0.0014,84,🇨🇺,2050,10162.396,102.8872
DO,"Dominican Republic",1.0094,0.0014,85,🇩🇴,2050,12795.809,227.1655
CZ,"Czech Republic",1.0011,0.0013,86,🇨🇿,2050,10545.581,136.1413
GR,Greece,0.9948,0.0013,87,🇬🇷,2050,9029.249,78.1623
JO,Jordan,1.0031,0.0013,88,🇯🇴,2050,12932.41,115.297
AZ,Azerbaijan,1.0075,0.0013,89,🇦🇿,2050,11064.999,118.94
HN,Honduras,1.0157,0.0013,90,🇭🇳,2050,13830.799,90.862
SE,Sweden,1.0058,0.0013,91,🇸🇪,2050,11389.196,22.6939
PT,Portugal,0.9973,0.0013,92,🇵🇹,2050,9084.576,110.1159
AE,"United Arab Emirates",1.0091,0.0013,93,🇦🇪,2050,10425.287,120.5955
TJ,Tajikistan,1.0213,0.0013,94,🇹🇯,2050,16208.25,69.584
HU,Hungary,0.9971,0.0012,95,🇭🇺,2050,8470.23,103.262
BY,Belarus,0.9989,0.0012,96,🇧🇾,2050,8634.225,45.4374
PG,"Papua New Guinea",1.019,0.0012,97,🇵🇬,2050,14204.066,20.0764
AT,Austria,1.0026,0.0011,98,🇦🇹,2050,9130.699,108.103
IL,Israel,1.0151,0.0011,99,🇮🇱,2050,12720.416,429.6048
CH,Switzerland,1.0067,0.0011,100,🇨🇭,2050,9817.721,212.5191
TG,Togo,1.0239,0.0011,101,🇹🇬,2050,15415.499,152.872
RS,Serbia,0.9949,0.0011,102,🇷🇸,2050,7083.833,97.928
SL,"Sierra Leone",1.0203,0.001,103,🇸🇱,2050,12944.873,115.7853
HK,"Hong Kong",1.0068,0.001,104,🇭🇰,2050,8041.048,6887.952
LA,Laos,1.0138,0.0009,105,🇱🇦,2050,9479.747,31.5922
PY,Paraguay,1.0119,0.0009,106,🇵🇾,2050,9101.631,17.9614
LY,Libya,1.0118,0.0009,107,🇱🇾,2050,8525.414,4.0015
BG,Bulgaria,0.9925,0.0009,108,🇧🇬,2050,5385.441,61.7303
NI,Nicaragua,1.0114,0.0009,109,🇳🇮,2050,8531.048,51.9977
KG,Kyrgyzstan,1.0151,0.0008,110,🇰🇬,2050,9126.108,33.6496
LB,Lebanon,0.9875,0.0008,111,🇱🇧,2050,6528.164,639.5761
SV,"El Salvador",1.0049,0.0008,112,🇸🇻,2050,6936.786,311.3155
TM,Turkmenistan,1.0137,0.0008,113,🇹🇲,2050,7949.281,12.7063
SG,Singapore,1.0079,0.0007,114,🇸🇬,2050,6407.532,8371.1915
DK,Denmark,1.0037,0.0007,115,🇩🇰,2050,6245.374,135.4005
CG,"Republic of the Congo",1.0249,0.0007,116,🇨🇬,2050,10701.994,16.9526
FI,Finland,1.0012,0.0007,117,🇫🇮,2050,5486.143,16.4142
NO,Norway,1.0084,0.0007,118,🇳🇴,2050,6600.338,17.0208
SK,Slovakia,0.9999,0.0007,119,🇸🇰,2050,4983.648,111.3484
PS,Palestine,1.0235,0.0007,120,🇵🇸,2050,8815.774,859.4117
OM,Oman,1.0193,0.0007,121,🇴🇲,2050,6915.444,17.2019
LR,Liberia,1.0241,0.0007,122,🇱🇷,2050,9339.752,47.6355
CR,"Costa Rica",1.0084,0.0007,123,🇨🇷,2050,5772.699,101.4159
IE,Ireland,1.0075,0.0006,124,🇮🇪,2050,5677.615,71.4385
CF,"Central African Republic",1.0197,0.0006,125,🇨🇫,2050,8400.956,8.0527
MR,Mauritania,1.0266,0.0006,126,🇲🇷,2050,9024.892,4.756
NZ,"New Zealand",1.0077,0.0006,127,🇳🇿,2050,5607.793,18.1102
PA,Panama,1.0149,0.0006,128,🇵🇦,2050,5852.947,58.965
KW,Kuwait,1.012,0.0006,129,🇰🇼,2050,5393.472,245.8371
HR,Croatia,0.9945,0.0005,130,🇭🇷,2050,3364.8,71.7264
MD,Moldova,0.9973,0.0005,131,🇲🇩,2050,3360.177,118.5715
GE,Georgia,0.9972,0.0005,132,🇬🇪,2050,3516.865,56.9403
ER,Eritrea,1.0169,0.0005,133,🇪🇷,2050,6005.49,31.1415
UY,Uruguay,1.0031,0.0004,134,🇺🇾,2050,3639.109,19.3114
MN,Mongolia,1.0147,0.0004,135,🇲🇳,2050,4448.93,2.1597
BA,"Bosnia and Herzegovina",0.9957,0.0004,136,🇧🇦,2050,2685.037,63.4521
JM,Jamaica,1.0039,0.0004,137,🇯🇲,2050,2960.317,271.5944
QA,Qatar,1.0169,0.0004,138,🇶🇦,2050,3851.131,257.1996
AM,Armenia,1.0013,0.0004,139,🇦🇲,2050,2816.112,99.9215
AL,Albania,0.9977,0.0004,140,🇦🇱,2050,2424.061,99.7069
PR,"Puerto Rico",1.0006,0.0004,141,🇵🇷,2050,2445.386,319.0318
LT,Lithuania,0.9895,0.0003,142,🇱🇹,2050,2121.397,40.7612
NA,Namibia,1.018,0.0003,143,🇳🇦,2050,3981.13,3.1902
GM,Gambia,1.0288,0.0003,144,🇬🇲,2050,4882.101,239.3565
BW,Botswana,1.0183,0.0003,145,🇧🇼,2050,3509.819,4.1944
GA,Gabon,1.0231,0.0003,146,🇬🇦,2050,3809.05,8.7105
LS,Lesotho,1.0077,0.0003,147,🇱🇸,2050,2665.27,71.6751
MK,"North Macedonia",0.9993,0.0003,148,🇲🇰,2050,1856.775,80.9436
SI,Slovenia,0.9997,0.0003,149,🇸🇮,2050,1939.592,102.5025
GW,Guinea-Bissau,1.0238,0.0003,150,🇬🇼,2050,3557.201,57.1174
LV,Latvia,0.9903,0.0002,151,🇱🇻,2050,1479.172,28.6379
BH,Bahrain,1.0204,0.0002,152,🇧🇭,2050,2316.049,2332.0039
GQ,"Equatorial Guinea",1.0323,0.0002,153,🇬🇶,2050,2820.925,53.355
TT,"Trinidad and Tobago",1.0023,0.0002,154,🇹🇹,2050,1343.789,274.1881
TL,Timor-Leste,1.019,0.0002,155,🇹🇱,2050,2019.291,92.0686
EE,Estonia,0.9975,0.0002,156,🇪🇪,2050,1158.408,29.2283
MU,Mauritius,1.001,0.0002,157,🇲🇺,2050,1185.529,624.8662
CY,Cyprus,1.0064,0.0002,158,🇨🇾,2050,1354.591,132.2438
SZ,Eswatini,1.0106,0.0001,159,🇸🇿,2050,1704.428,68.2341
DJ,Djibouti,1.0139,0.0001,160,🇩🇯,2050,1295.373,43.7973
FJ,Fiji,1.0073,0.0001,161,🇫🇯,2050,1071.255,49.7738
RE,Reunion,1.0071,0.0001,162,🇷🇪,2050,1009.876,361.6332
KM,Comoros,1.0213,0.0001,163,🇰🇲,2050,1471.737,487.3357
GY,Guyana,1.0047,0.0001,164,🇬🇾,2050,824.957,3.6938
BT,Bhutan,1.0103,0.0001,165,🇧🇹,2050,904.616,20.5225
SB,"Solomon Islands",1.0244,0.0001,166,🇸🇧,2050,1290.216,24.9571
MO,Macau,1.0138,0.0001,167,🇲🇴,2050,838.368,22249.6667
LU,Luxembourg,1.0119,0.0001,168,🇱🇺,2050,789.942,248.4033
ME,Montenegro,0.9998,0.0001,169,🇲🇪,2050,589.333,45.4641
EH,"Western Sahara",1.0233,0.0001,170,🇪🇭,2050,984.023,2.354
SR,Suriname,1.0085,0.0001,171,🇸🇷,2050,680.241,3.6432
CV,"Cape Verde",1.0103,0.0001,172,🇨🇻,2050,679.394,140.7582
MV,Maldives,0.9952,0.0001,173,🇲🇻,2050,586.1,1803.2833
BN,Brunei,1.0088,0.0001,174,🇧🇳,2050,492.385,77.2647
MT,Malta,1.0028,0.0001,175,🇲🇹,2050,426.787,1405.1677
BZ,Belize,1.018,0.0001,176,🇧🇿,2050,571.042,17.9478
BS,Bahamas,1.0091,0.0001,177,🇧🇸,2050,463.333,28.7252
GP,Guadeloupe,0.9994,0.0001,178,🇬🇵,2050,386.922,245.5737
MQ,Martinique,0.9982,0,179,🇲🇶,2050,331.96,331.6374
IS,Iceland,1.0059,0,180,🇮🇸,2050,376.693,3.3533
VU,Vanuatu,1.0234,0,181,🇻🇺,2050,556.756,26.4035
GF,"French Guiana",1.0252,0,182,🇬🇫,2050,544.807,3.761
NC,"New Caledonia",1.0094,0,183,🇳🇨,2050,346.51,15.6616
BB,Barbados,1.0011,0,184,🇧🇧,2050,277.011,669.8209
YT,Mayotte,1.0241,0,185,🇾🇹,2050,494.839,765.3984
PF,"French Polynesia",1.0058,0,186,🇵🇫,2050,310.654,68.1939
ST,"Sao Tome and Principe",1.0193,0,187,🇸🇹,2050,394.153,236.1815
WS,Samoa,1.0104,0,188,🇼🇸,2050,267.391,71.1608
LC,"Saint Lucia",1.0039,0,189,🇱🇨,2050,182.129,300.5081
GU,Guam,1.0079,0,190,🇬🇺,2050,192.78,312.4208
CW,Curacao,1.0044,0,191,🇨🇼,2050,175.722,372.8131
KI,Kiribati,1.0167,0,192,🇰🇮,2050,176.708,152.1813
FM,Micronesia,1.0106,0,193,🇫🇲,2050,138.917,167.3632
GD,Grenada,1.004,0,194,🇬🇩,2050,115.564,329.8692
VC,"Saint Vincent and the Grenadines",1.0026,0,195,🇻🇨,2050,109.113,286.7635
TO,Tonga,1.0093,0,196,🇹🇴,2050,134.18,144.2423
AW,Aruba,1.0038,0,197,🇦🇼,2050,108.716,597.8278
VI,"United States Virgin Islands",0.9976,0,198,🇻🇮,2050,86.22,299.6282
AG,"Antigua and Barbuda",1.0079,0,199,🇦🇬,2050,110.896,225.1335
SC,Seychelles,1.0052,0,200,🇸🇨,2050,104.565,219.969
IM,"Isle of Man",1.0038,0,201,🇮🇲,2050,90.748,149.8811
AD,Andorra,1.0014,0,202,🇦🇩,2050,76.118,165.5192
DM,Dominica,1.0025,0,203,🇩🇲,2050,70.877,96.3302
KY,"Cayman Islands",1.0117,0,204,🇰🇾,2050,84.655,254.8371
BM,Bermuda,0.9976,0,205,🇧🇲,2050,53.278,1147.0185
MH,"Marshall Islands",1.0075,0,206,🇲🇭,2050,75.365,331.8066
MP,"Northern Mariana Islands",1.0061,0,207,🇲🇵,2050,62.032,125.5797
GL,Greenland,1.0017,0,208,🇬🇱,2050,53.3,0.0263
AS,"American Samoa",0.9987,0,209,🇦🇸,2050,53.581,276.5327
KN,"Saint Kitts and Nevis",1.0061,0,210,🇰🇳,2050,56.161,206.4023
FO,"Faroe Islands",1.0038,0,211,🇫🇴,2050,53.466,35.3431
SX,"Sint Maarten",1.0128,0,212,🇸🇽,2050,55.017,1293.1176
MC,Monaco,1.0069,0,213,🇲🇨,2050,46.002,19891.5
TC,"Turks and Caicos Islands",1.013,0,214,🇹🇨,2050,50.273,41.9209
MF,"Saint Martin",1.0126,0,215,🇲🇫,2050,50.825,749.6226
LI,Liechtenstein,1.0036,0,216,🇱🇮,2050,40.36,239.9187
SM,"San Marino",1.002,0,217,🇸🇲,2050,33.64,558.7705
GI,Gibraltar,1.0002,0,218,🇬🇮,2050,33.917,5617.3333
VG,"British Virgin Islands",1.0058,0,219,🇻🇬,2050,31.541,202.6225
PW,Palau,1.0035,0,220,🇵🇼,2050,17.718,39.7233
CK,"Cook Islands",1.0003,0,221,🇨🇰,2050,17.081,74.4534
AI,Anguilla,1.0075,0,222,🇦🇮,2050,16.517,167.3626
TV,Tuvalu,1.0113,0,223,🇹🇻,2050,15.983,464.0769
WF,"Wallis and Futuna",0.9899,0,224,🇼🇫,2050,9.131,77.338
NR,Nauru,1.0025,0,225,🇳🇷,2050,10.794,519.1905
BL,"Saint Barthelemy",1.0038,0,226,🇧🇱,2050,10.831,473.5714
PM,"Saint Pierre and Miquelon",0.9988,0,227,🇵🇲,2050,5.247,23.7975
MS,Montserrat,0.9976,0,228,🇲🇸,2050,4.153,48.6765
FK,"Falkland Islands",1.0017,0,229,🇫🇰,2050,3.243,0.2907
NU,Niue,1.0019,0,230,🇳🇺,2050,1.778,6.2385
TK,Tokelau,1.0036,0,231,🇹🇰,2050,1.565,114.8333
VA,"Vatican City",0.9988,0,232,🇻🇦,2050,0.814,799
CN,China,1.0029,0.1821,1,🇨🇳,2030,1464340.159,149.2199
IN,India,1.0095,0.1768,2,🇮🇳,2030,1503642.322,427.8611
US,"United States",1.0057,0.0421,3,🇺🇸,2030,349641.876,35.7217
ID,Indonesia,1.01,0.0351,4,🇮🇩,2030,299198.43,146.5605
PK,Pakistan,1.019,0.0289,5,🇵🇰,2030,262958.794,260.2176
NG,Nigeria,1.0253,0.0273,6,🇳🇬,2030,262977.337,234.6335
BR,Brazil,1.0064,0.0271,7,🇧🇷,2030,223852.122,25.2888
BD,Bangladesh,1.0095,0.0211,8,🇧🇩,2030,178993.869,1137.6682
RU,Russia,0.9993,0.0183,9,🇷🇺,2030,143347.515,8.5275
MX,Mexico,1.01,0.0165,10,🇲🇽,2030,140875.762,66.9744
JP,Japan,0.9963,0.0158,11,🇯🇵,2030,120758.057,332.2966
ET,Ethiopia,1.0249,0.0152,12,🇪🇹,2030,144944.299,109.4021
PH,Philippines,1.0132,0.0141,13,🇵🇭,2030,123697.925,328.6345
EG,Egypt,1.0182,0.0133,14,🇪🇬,2030,120831.557,105.8972
VN,Vietnam,1.008,0.0124,15,🇻🇳,2030,104163.519,298.7619
CD,"DR Congo",1.031,0.012,16,🇨🇩,2030,120046.726,40.6169
IR,Iran,1.0117,0.0108,17,🇮🇷,2030,92663.708,52.1921
TR,Turkey,1.0061,0.0108,18,🇹🇷,2030,89157.785,109.1962
DE,Germany,0.9998,0.0105,19,🇩🇪,2030,83135.644,234.893
TH,Thailand,1.0018,0.0088,20,🇹🇭,2030,70345.536,136.5727
GB,"United Kingdom",1.0043,0.0086,21,🇬🇧,2030,70485.49,282.0004
FR,France,1.0024,0.0082,22,🇫🇷,2030,66695.702,118.8782
TZ,Tanzania,1.0293,0.008,23,🇹🇿,2030,79162.725,66.9764
ZA,"South Africa",1.0119,0.0076,24,🇿🇦,2030,65956.081,49.7578
IT,Italy,0.9983,0.0076,25,🇮🇹,2030,59031.475,199.9853
KE,Kenya,1.0224,0.0071,26,🇰🇪,2030,66449.654,96.8615
MM,Myanmar,1.0077,0.0069,27,🇲🇲,2030,58478.494,81.6272
CO,Colombia,1.0048,0.0065,28,🇨🇴,2030,53416.763,45.1175
KR,"South Korea",1.0005,0.0065,29,🇰🇷,2030,51152.046,512.2233
UG,Uganda,1.0278,0.0061,30,🇺🇬,2030,59437.928,200.5086
ES,Spain,0.9994,0.0059,31,🇪🇸,2030,46230.14,92.3318
AR,Argentina,1.0089,0.0058,32,🇦🇷,2030,49056.162,16.5481
SD,Sudan,1.0241,0.0058,33,🇸🇩,2030,55253.529,24.3851
DZ,Algeria,1.0164,0.0057,34,🇩🇿,2030,50360.749,19.0408
UA,Ukraine,0.9937,0.0054,35,🇺🇦,2030,40882.329,71.5694
IQ,Iraq,1.0239,0.0053,36,🇮🇶,2030,50193.756,96.1974
AF,Afghanistan,1.0231,0.0051,37,🇦🇫,2030,48093.578,62.4847
CA,Canada,1.0084,0.0048,38,🇨🇦,2030,40833.727,3.8447
MA,Morocco,1.0115,0.0047,39,🇲🇦,2030,40887.295,84.588
PL,Poland,0.9985,0.0047,40,🇵🇱,2030,36944.563,120.6982
SA,"Saudi Arabia",1.0143,0.0045,41,🇸🇦,2030,39322.338,16.6745
AO,Angola,1.0322,0.0044,42,🇦🇴,2030,44834.712,28.096
UZ,Uzbekistan,1.0132,0.0043,43,🇺🇿,2030,37418.456,76.8486
PE,Peru,1.0097,0.0042,44,🇵🇪,2030,36030.592,26.209
MY,Malaysia,1.0124,0.0042,45,🇲🇾,2030,36095.054,100.3046
MZ,Mozambique,1.0288,0.0042,46,🇲🇿,2030,41184.834,41.2798
GH,Ghana,1.0209,0.0041,47,🇬🇭,2030,37833.419,135.8112
YE,Yemen,1.0218,0.0039,48,🇾🇪,2030,36406.888,59.009
NP,Nepal,1.0186,0.0038,49,🇳🇵,2030,33389.536,205.3633
VE,Venezuela,1.0196,0.0037,50,🇻🇪,2030,33626.469,31.9353
MG,Madagascar,1.0264,0.0037,51,🇲🇬,2030,35622.321,49.7036
CM,Cameroon,1.0252,0.0035,52,🇨🇲,2030,33766.121,58.7065
CI,"Ivory Coast",1.0255,0.0035,53,🇨🇮,2030,33712.599,86.0325
NE,Niger,1.0379,0.0033,54,🇳🇪,2030,34846.02,20.5869
AU,Australia,1.0109,0.0033,55,🇦🇺,2030,28177.481,3.3891
KP,"North Korea",1.004,0.0033,56,🇰🇵,2030,26651.329,215.6223
TW,Taiwan,1.0014,0.003,57,🇹🇼,2030,24011.258,660.0336
BF,"Burkina Faso",1.0282,0.0028,58,🇧🇫,2030,27404.039,80.9726
LK,"Sri Lanka",1.0037,0.0027,59,🇱🇰,2030,22023.016,328.8499
ML,Mali,1.0296,0.0027,60,🇲🇱,2030,26957.396,17.3149
MW,Malawi,1.0271,0.0025,61,🇲🇼,2030,24849.44,170.3254
ZM,Zambia,1.029,0.0024,62,🇿🇲,2030,24325.505,25.8702
SY,Syria,1.0596,0.0024,63,🇸🇾,2030,26676.565,104.5729
CL,Chile,1.002,0.0024,64,🇨🇱,2030,19458.103,25.4598
KZ,Kazakhstan,1.0111,0.0024,65,🇰🇿,2030,20639.021,7.048
RO,Romania,0.995,0.0024,66,🇷🇴,2030,18306.101,79.8324
GT,Guatemala,1.0183,0.0023,67,🇬🇹,2030,21212.561,170.6696
EC,Ecuador,1.0126,0.0023,68,🇪🇨,2030,19818.797,65.4288
SN,Senegal,1.0266,0.0022,69,🇸🇳,2030,21551.46,89.7392
TD,Chad,1.0295,0.0022,70,🇹🇩,2030,21690.381,13.562
NL,Netherlands,1.0022,0.0022,71,🇳🇱,2030,17450.322,411.2652
KH,Cambodia,1.0131,0.0022,72,🇰🇭,2030,18781.033,94.836
SO,Somalia,1.0295,0.0021,73,🇸🇴,2030,21191.037,26.412
ZW,Zimbabwe,1.0159,0.0019,74,🇿🇼,2030,17596.447,39.2352
GN,Guinea,1.0273,0.0017,75,🇬🇳,2030,17020.915,56.3974
RW,Rwanda,1.0244,0.0017,76,🇷🇼,2030,16234.387,516.3818
BJ,Benin,1.0268,0.0016,77,🇧🇯,2030,15672.304,113.5189
BI,Burundi,1.0301,0.0016,78,🇧🇮,2030,15772.822,453.5762
TN,Tunisia,1.0093,0.0015,79,🇹🇳,2030,12755.757,73.6303
BO,Bolivia,1.0135,0.0015,80,🇧🇴,2030,13240.382,10.9165
HT,Haiti,1.012,0.0015,81,🇭🇹,2030,12733.238,420.9111
BE,Belgium,1.0031,0.0015,82,🇧🇪,2030,11903.75,382.2156
SS,"South Sudan",1.0208,0.0015,83,🇸🇸,2030,13839.272,18.7472
CU,Cuba,0.999,0.0014,84,🇨🇺,2030,11142.328,102.8872
DO,"Dominican Republic",1.0094,0.0014,85,🇩🇴,2030,11770.322,227.1655
CZ,"Czech Republic",1.0011,0.0013,86,🇨🇿,2030,10744.834,136.1413
GR,Greece,0.9948,0.0013,87,🇬🇷,2030,9917.25,78.1623
JO,Jordan,1.0031,0.0013,88,🇯🇴,2030,10655.181,115.297
AZ,Azerbaijan,1.0075,0.0013,89,🇦🇿,2030,10739.732,118.94
HN,Honduras,1.0157,0.0013,90,🇭🇳,2030,11449.249,90.862
SE,Sweden,1.0058,0.0013,91,🇸🇪,2030,10629.981,22.6939
PT,Portugal,0.9973,0.0013,92,🇵🇹,2030,9912.679,110.1159
AE,"United Arab Emirates",1.0091,0.0013,93,🇦🇪,2030,10661.076,120.5955
TJ,Tajikistan,1.0213,0.0013,94,🇹🇯,2030,11557.369,69.584
HU,Hungary,0.9971,0.0012,95,🇭🇺,2030,9338.446,103.262
BY,Belarus,0.9989,0.0012,96,🇧🇾,2030,9264.784,45.4374
PG,"Papua New Guinea",1.019,0.0012,97,🇵🇬,2030,10709.348,20.0764
AT,Austria,1.0026,0.0011,98,🇦🇹,2030,9175.689,108.103
IL,Israel,1.0151,0.0011,99,🇮🇱,2030,9979.698,429.6048
CH,Switzerland,1.0067,0.0011,100,🇨🇭,2030,9185.115,212.5191
TG,Togo,1.0239,0.0011,101,🇹🇬,2030,10421.916,152.872
RS,Serbia,0.9949,0.0011,102,🇷🇸,2030,8250.431,97.928
SL,"Sierra Leone",1.0203,0.001,103,🇸🇱,2030,9648.691,115.7853
HK,"Hong Kong",1.0068,0.001,104,🇭🇰,2030,8018.67,6887.952
LA,Laos,1.0138,0.0009,105,🇱🇦,2030,8226.273,31.5922
PY,Paraguay,1.0119,0.0009,106,🇵🇾,2030,7949.971,17.9614
LY,Libya,1.0118,0.0009,107,🇱🇾,2030,7606.415,4.0015
BG,Bulgaria,0.9925,0.0009,108,🇧🇬,2030,6416.749,61.7303
NI,Nicaragua,1.0114,0.0009,109,🇳🇮,2030,7391.881,51.9977
KG,Kyrgyzstan,1.0151,0.0008,110,🇰🇬,2030,7446.104,33.6496
LB,Lebanon,0.9875,0.0008,111,🇱🇧,2030,6194.844,639.5761
SV,"El Salvador",1.0049,0.0008,112,🇸🇻,2030,6778.586,311.3155
TM,Turkmenistan,1.0137,0.0008,113,🇹🇲,2030,6782.355,12.7063
SG,Singapore,1.0079,0.0007,114,🇸🇬,2030,6262.466,8371.1915
DK,Denmark,1.0037,0.0007,115,🇩🇰,2030,6001.867,135.4005
CG,"Republic of the Congo",1.0249,0.0007,116,🇨🇬,2030,7019.831,16.9526
FI,Finland,1.0012,0.0007,117,🇫🇮,2030,5580.537,16.4142
NO,Norway,1.0084,0.0007,118,🇳🇴,2030,5875.913,17.0208
SK,Slovakia,0.9999,0.0007,119,🇸🇰,2030,5403.4,111.3484
PS,Palestine,1.0235,0.0007,120,🇵🇸,2030,6341.728,859.4117
OM,Oman,1.0193,0.0007,121,🇴🇲,2030,5936.081,17.2019
LR,Liberia,1.0241,0.0007,122,🇱🇷,2030,6371.553,47.6355
CR,"Costa Rica",1.0084,0.0007,123,🇨🇷,2030,5468.038,101.4159
IE,Ireland,1.0075,0.0006,124,🇮🇪,2030,5248.041,71.4385
CF,"Central African Republic",1.0197,0.0006,125,🇨🇫,2030,5942.211,8.0527
MR,Mauritania,1.0266,0.0006,126,🇲🇷,2030,5967.168,4.756
NZ,"New Zealand",1.0077,0.0006,127,🇳🇿,2030,5172.962,18.1102
PA,Panama,1.0149,0.0006,128,🇵🇦,2030,4927.612,58.965
KW,Kuwait,1.012,0.0006,129,🇰🇼,2030,4747.081,245.8371
HR,Croatia,0.9945,0.0005,130,🇭🇷,2030,3877.272,71.7264
MD,Moldova,0.9973,0.0005,131,🇲🇩,2030,3885.896,118.5715
GE,Georgia,0.9972,0.0005,132,🇬🇪,2030,3853.306,56.9403
ER,Eritrea,1.0169,0.0005,133,🇪🇷,2030,4240.213,31.1415
UY,Uruguay,1.0031,0.0004,134,🇺🇾,2030,3569.471,19.3114
MN,Mongolia,1.0147,0.0004,135,🇲🇳,2030,3716.21,2.1597
BA,"Bosnia and Herzegovina",0.9957,0.0004,136,🇧🇦,2030,3126.648,63.4521
JM,Jamaica,1.0039,0.0004,137,🇯🇲,2030,3047.974,271.5944
QA,Qatar,1.0169,0.0004,138,🇶🇦,2030,3326.89,257.1996
AM,Armenia,1.0013,0.0004,139,🇦🇲,2030,2967.005,99.9215
AL,Albania,0.9977,0.0004,140,🇦🇱,2030,2786.974,99.7069
PR,"Puerto Rico",1.0006,0.0004,141,🇵🇷,2030,2905.352,319.0318
LT,Lithuania,0.9895,0.0003,142,🇱🇹,2030,2484.803,40.7612
NA,Namibia,1.018,0.0003,143,🇳🇦,2030,3010.871,3.1902
GM,Gambia,1.0288,0.0003,144,🇬🇲,2030,3170.685,239.3565
BW,Botswana,1.0183,0.0003,145,🇧🇼,2030,2774.34,4.1944
GA,Gabon,1.0231,0.0003,146,🇬🇦,2030,2744.451,8.7105
LS,Lesotho,1.0077,0.0003,147,🇱🇸,2030,2325.164,71.6751
MK,"North Macedonia",0.9993,0.0003,148,🇲🇰,2030,2050.747,80.9436
SI,Slovenia,0.9997,0.0003,149,🇸🇮,2030,2056.193,102.5025
GW,Guinea-Bissau,1.0238,0.0003,150,🇬🇼,2030,2461.208,57.1174
LV,Latvia,0.9903,0.0002,151,🇱🇻,2030,1720.146,28.6379
BH,Bahrain,1.0204,0.0002,152,🇧🇭,2030,2013.416,2332.0039
GQ,"Equatorial Guinea",1.0323,0.0002,153,🇬🇶,2030,1873.549,53.355
TT,"Trinidad and Tobago",1.0023,0.0002,154,🇹🇹,2030,1413.415,274.1881
TL,Timor-Leste,1.019,0.0002,155,🇹🇱,2030,1574.057,92.0686
EE,Estonia,0.9975,0.0002,156,🇪🇪,2030,1279.962,29.2283
MU,Mauritius,1.001,0.0002,157,🇲🇺,2030,1274.041,624.8662
CY,Cyprus,1.0064,0.0002,158,🇨🇾,2030,1274.972,132.2438
SZ,Eswatini,1.0106,0.0001,159,🇸🇿,2030,1297.835,68.2341
DJ,Djibouti,1.0139,0.0001,160,🇩🇯,2030,1116.724,43.7973
FJ,Fiji,1.0073,0.0001,161,🇫🇯,2030,966.015,49.7738
RE,Reunion,1.0071,0.0001,162,🇷🇪,2030,954.806,361.6332
KM,Comoros,1.0213,0.0001,163,🇰🇲,2030,1063.114,487.3357
GY,Guyana,1.0047,0.0001,164,🇬🇾,2030,821.59,3.6938
BT,Bhutan,1.0103,0.0001,165,🇧🇹,2030,842.67,20.5225
SB,"Solomon Islands",1.0244,0.0001,166,🇸🇧,2030,864.605,24.9571
MO,Macau,1.0138,0.0001,167,🇲🇴,2030,731.874,22249.6667
LU,Luxembourg,1.0119,0.0001,168,🇱🇺,2030,690.348,248.4033
ME,Montenegro,0.9998,0.0001,169,🇲🇪,2030,624.059,45.4641
EH,"Western Sahara",1.0233,0.0001,170,🇪🇭,2030,737.345,2.354
SR,Suriname,1.0085,0.0001,171,🇸🇷,2030,632.401,3.6432
CV,"Cape Verde",1.0103,0.0001,172,🇨🇻,2030,610.057,140.7582
MV,Maldives,0.9952,0.0001,173,🇲🇻,2030,519.341,1803.2833
BN,Brunei,1.0088,0.0001,174,🇧🇳,2030,470.99,77.2647
MT,Malta,1.0028,0.0001,175,🇲🇹,2030,448.899,1405.1677
BZ,Belize,1.018,0.0001,176,🇧🇿,2030,467.633,17.9478
BS,Bahamas,1.0091,0.0001,177,🇧🇸,2030,426.813,28.7252
GP,Guadeloupe,0.9994,0.0001,178,🇬🇵,2030,400.246,245.5737
MQ,Martinique,0.9982,0,179,🇲🇶,2030,367.716,331.6374
IS,Iceland,1.0059,0,180,🇮🇸,2030,359.711,3.3533
VU,Vanuatu,1.0234,0,181,🇻🇺,2030,383.373,26.4035
GF,"French Guiana",1.0252,0,182,🇬🇫,2030,377.611,3.761
NC,"New Caledonia",1.0094,0,183,🇳🇨,2030,311.024,15.6616
BB,Barbados,1.0011,0,184,🇧🇧,2030,289.444,669.8209
YT,Mayotte,1.0241,0,185,🇾🇹,2030,342.89,765.3984
PF,"French Polynesia",1.0058,0,186,🇵🇫,2030,296.714,68.1939
ST,"Sao Tome and Principe",1.0193,0,187,🇸🇹,2030,268.244,236.1815
WS,Samoa,1.0104,0,188,🇼🇸,2030,220.371,71.1608
LC,"Saint Lucia",1.0039,0,189,🇱🇨,2030,188.738,300.5081
GU,Guam,1.0079,0,190,🇬🇺,2030,181.147,312.4208
CW,Curacao,1.0044,0,191,🇨🇼,2030,170.704,372.8131
KI,Kiribati,1.0167,0,192,🇰🇮,2030,139.179,152.1813
FM,Micronesia,1.0106,0,193,🇫🇲,2030,126.691,167.3632
GD,Grenada,1.004,0,194,🇬🇩,2030,115.779,329.8692
VC,"Saint Vincent and the Grenadines",1.0026,0,195,🇻🇨,2030,113.038,286.7635
TO,Tonga,1.0093,0,196,🇹🇴,2030,115.621,144.2423
AW,Aruba,1.0038,0,197,🇦🇼,2030,110.247,597.8278
VI,"United States Virgin Islands",0.9976,0,198,🇻🇮,2030,100.692,299.6282
AG,"Antigua and Barbuda",1.0079,0,199,🇦🇬,2030,104.864,225.1335
SC,Seychelles,1.0052,0,200,🇸🇨,2030,102.534,219.969
IM,"Isle of Man",1.0038,0,201,🇮🇲,2030,87.993,149.8811
AD,Andorra,1.0014,0,202,🇦🇩,2030,77.925,165.5192
DM,Dominica,1.0025,0,203,🇩🇲,2030,73.241,96.3302
KY,"Cayman Islands",1.0117,0,204,🇰🇾,2030,73.334,254.8371
BM,Bermuda,0.9976,0,205,🇧🇲,2030,60.492,1147.0185
MH,"Marshall Islands",1.0075,0,206,🇲🇭,2030,65,331.8066
MP,"Northern Mariana Islands",1.0061,0,207,🇲🇵,2030,61.06,125.5797
GL,Greenland,1.0017,0,208,🇬🇱,2030,57.091,0.0263
AS,"American Samoa",0.9987,0,209,🇦🇸,2030,54.728,276.5327
KN,"Saint Kitts and Nevis",1.0061,0,210,🇰🇳,2030,55.832,206.4023
FO,"Faroe Islands",1.0038,0,211,🇫🇴,2030,50.913,35.3431
SX,"Sint Maarten",1.0128,0,212,🇸🇽,2030,48.076,1293.1176
MC,Monaco,1.0069,0,213,🇲🇨,2030,41.777,19891.5
TC,"Turks and Caicos Islands",1.013,0,214,🇹🇨,2030,43.606,41.9209
MF,"Saint Martin",1.0126,0,215,🇲🇫,2030,43.269,749.6226
LI,Liechtenstein,1.0036,0,216,🇱🇮,2030,39.402,239.9187
SM,"San Marino",1.002,0,217,🇸🇲,2030,34.413,558.7705
GI,Gibraltar,1.0002,0,218,🇬🇮,2030,33.914,5617.3333
VG,"British Virgin Islands",1.0058,0,219,🇻🇬,2030,31.764,202.6225
PW,Palau,1.0035,0,220,🇵🇼,2030,18.476,39.7233
CK,"Cook Islands",1.0003,0,221,🇨🇰,2030,17.524,74.4534
AI,Anguilla,1.0075,0,222,🇦🇮,2030,15.914,167.3626
TV,Tuvalu,1.0113,0,223,🇹🇻,2030,13.164,464.0769
WF,"Wallis and Futuna",0.9899,0,224,🇼🇫,2030,10.389,77.338
NR,Nauru,1.0025,0,225,🇳🇷,2030,10.991,519.1905
BL,"Saint Barthelemy",1.0038,0,226,🇧🇱,2030,10.226,473.5714
PM,"Saint Pierre and Miquelon",0.9988,0,227,🇵🇲,2030,5.677,23.7975
MS,Montserrat,0.9976,0,228,🇲🇸,2030,4.763,48.6765
FK,"Falkland Islands",1.0017,0,229,🇫🇰,2030,3.436,0.2907
NU,Niue,1.0019,0,230,🇳🇺,2030,1.664,6.2385
TK,Tokelau,1.0036,0,231,🇹🇰,2030,1.448,114.8333
VA,"Vatican City",0.9988,0,232,🇻🇦,2030,0.795,799
CN,China,1.0029,0.1821,1,🇨🇳,2015,1406847.87,149.2199
IN,India,1.0095,0.1768,2,🇮🇳,2015,1310152.403,427.8611
US,"United States",1.0057,0.0421,3,🇺🇸,2015,320878.31,35.7217
ID,Indonesia,1.01,0.0351,4,🇮🇩,2015,258383.256,146.5605
PK,Pakistan,1.019,0.0289,5,🇵🇰,2015,199426.964,260.2176
NG,Nigeria,1.0253,0.0273,6,🇳🇬,2015,181137.448,234.6335
BR,Brazil,1.0064,0.0271,7,🇧🇷,2015,204471.769,25.2888
BD,Bangladesh,1.0095,0.0211,8,🇧🇩,2015,156256.276,1137.6682
RU,Russia,0.9993,0.0183,9,🇷🇺,2015,144985.057,8.5275
MX,Mexico,1.01,0.0165,10,🇲🇽,2015,121858.258,66.9744
JP,Japan,0.9963,0.0158,11,🇯🇵,2015,127985.133,332.2966
ET,Ethiopia,1.0249,0.0152,12,🇪🇹,2015,100835.458,109.4021
PH,Philippines,1.0132,0.0141,13,🇵🇭,2015,102113.212,328.6345
EG,Egypt,1.0182,0.0133,14,🇪🇬,2015,92442.547,105.8972
VN,Vietnam,1.008,0.0124,15,🇻🇳,2015,92677.076,298.7619
CD,"DR Congo",1.031,0.012,16,🇨🇩,2015,76244.544,40.6169
IR,Iran,1.0117,0.0108,17,🇮🇷,2015,78492.215,52.1921
TR,Turkey,1.0061,0.0108,18,🇹🇷,2015,78529.409,109.1962
DE,Germany,0.9998,0.0105,19,🇩🇪,2015,81787.411,234.893
TH,Thailand,1.0018,0.0088,20,🇹🇭,2015,68714.511,136.5727
GB,"United Kingdom",1.0043,0.0086,21,🇬🇧,2015,65860.146,282.0004
FR,France,1.0024,0.0082,22,🇫🇷,2015,64453.2,118.8782
TZ,Tanzania,1.0293,0.008,23,🇹🇿,2015,51482.633,66.9764
ZA,"South Africa",1.0119,0.0076,24,🇿🇦,2015,55386.367,49.7578
IT,Italy,0.9983,0.0076,25,🇮🇹,2015,60578.494,199.9853
KE,Kenya,1.0224,0.0071,26,🇰🇪,2015,47878.336,96.8615
MM,Myanmar,1.0077,0.0069,27,🇲🇲,2015,52680.726,81.6272
CO,Colombia,1.0048,0.0065,28,🇨🇴,2015,47520.667,45.1175
KR,"South Korea",1.0005,0.0065,29,🇰🇷,2015,50823.093,512.2233
UG,Uganda,1.0278,0.0061,30,🇺🇬,2015,38225.453,200.5086
ES,Spain,0.9994,0.0059,31,🇪🇸,2015,46671.926,92.3318
AR,Argentina,1.0089,0.0058,32,🇦🇷,2015,43075.416,16.5481
SD,Sudan,1.0241,0.0058,33,🇸🇩,2015,38902.95,24.3851
DZ,Algeria,1.0164,0.0057,34,🇩🇿,2015,39728.025,19.0408
UA,Ukraine,0.9937,0.0054,35,🇺🇦,2015,44921.639,71.5694
IQ,Iraq,1.0239,0.0053,36,🇮🇶,2015,35572.261,96.1974
AF,Afghanistan,1.0231,0.0051,37,🇦🇫,2015,34413.603,62.4847
CA,Canada,1.0084,0.0048,38,🇨🇦,2015,36026.676,3.8447
MA,Morocco,1.0115,0.0047,39,🇲🇦,2015,34663.603,84.588
PL,Poland,0.9985,0.0047,40,🇵🇱,2015,38034.079,120.6982
SA,"Saudi Arabia",1.0143,0.0045,41,🇸🇦,2015,31717.667,16.6745
AO,Angola,1.0322,0.0044,42,🇦🇴,2015,27884.381,28.096
UZ,Uzbekistan,1.0132,0.0043,43,🇺🇿,2015,30929.557,76.8486
PE,Peru,1.0097,0.0042,44,🇵🇪,2015,30470.734,26.209
MY,Malaysia,1.0124,0.0042,45,🇲🇾,2015,30270.962,100.3046
MZ,Mozambique,1.0288,0.0042,46,🇲🇿,2015,27042.002,41.2798
GH,Ghana,1.0209,0.0041,47,🇬🇭,2015,27849.205,135.8112
YE,Yemen,1.0218,0.0039,48,🇾🇪,2015,26497.889,59.009
NP,Nepal,1.0186,0.0038,49,🇳🇵,2015,27015.031,205.3633
VE,Venezuela,1.0196,0.0037,50,🇻🇪,2015,30081.829,31.9353
MG,Madagascar,1.0264,0.0037,51,🇲🇬,2015,24234.088,49.7036
CM,Cameroon,1.0252,0.0035,52,🇨🇲,2015,23298.368,58.7065
CI,"Ivory Coast",1.0255,0.0035,53,🇨🇮,2015,23226.143,86.0325
NE,Niger,1.0379,0.0033,54,🇳🇪,2015,20001.663,20.5869
AU,Australia,1.0109,0.0033,55,🇦🇺,2015,23932.502,3.3891
KP,"North Korea",1.004,0.0033,56,🇰🇵,2015,25183.833,215.6223
TW,Taiwan,1.0014,0.003,57,🇹🇼,2015,23557.477,660.0336
BF,"Burkina Faso",1.0282,0.0028,58,🇧🇫,2015,18110.624,80.9726
LK,"Sri Lanka",1.0037,0.0027,59,🇱🇰,2015,20908.027,328.8499
ML,Mali,1.0296,0.0027,60,🇲🇱,2015,17438.778,17.3149
MW,Malawi,1.0271,0.0025,61,🇲🇼,2015,16745.303,170.3254
ZM,Zambia,1.029,0.0024,62,🇿🇲,2015,15879.361,25.8702
SY,Syria,1.0596,0.0024,63,🇸🇾,2015,17997.408,104.5729
CL,Chile,1.002,0.0024,64,🇨🇱,2015,17969.353,25.4598
KZ,Kazakhstan,1.0111,0.0024,65,🇰🇿,2015,17572.016,7.048
RO,Romania,0.995,0.0024,66,🇷🇴,2015,19925.175,79.8324
GT,Guatemala,1.0183,0.0023,67,🇬🇹,2015,16252.429,170.6696
EC,Ecuador,1.0126,0.0023,68,🇪🇨,2015,16212.02,65.4288
SN,Senegal,1.0266,0.0022,69,🇸🇳,2015,14578.459,89.7392
TD,Chad,1.0295,0.0022,70,🇹🇩,2015,14110.975,13.562
NL,Netherlands,1.0022,0.0022,71,🇳🇱,2015,16938.499,411.2652
KH,Cambodia,1.0131,0.0022,72,🇰🇭,2015,15521.436,94.836
SO,Somalia,1.0295,0.0021,73,🇸🇴,2015,13797.201,26.412
ZW,Zimbabwe,1.0159,0.0019,74,🇿🇼,2015,13814.629,39.2352
GN,Guinea,1.0273,0.0017,75,🇬🇳,2015,11432.088,56.3974
RW,Rwanda,1.0244,0.0017,76,🇷🇼,2015,11369.071,516.3818
BJ,Benin,1.0268,0.0016,77,🇧🇯,2015,10575.952,113.5189
BI,Burundi,1.0301,0.0016,78,🇧🇮,2015,10160.03,453.5762
TN,Tunisia,1.0093,0.0015,79,🇹🇳,2015,11179.949,73.6303
BO,Bolivia,1.0135,0.0015,80,🇧🇴,2015,10869.73,10.9165
HT,Haiti,1.012,0.0015,81,🇭🇹,2015,10695.542,420.9111
BE,Belgium,1.0031,0.0015,82,🇧🇪,2015,11287.94,382.2156
SS,"South Sudan",1.0208,0.0015,83,🇸🇸,2015,10715.658,18.7472
CU,Cuba,0.999,0.0014,84,🇨🇺,2015,11324.781,102.8872
DO,"Dominican Republic",1.0094,0.0014,85,🇩🇴,2015,10281.68,227.1655
CZ,"Czech Republic",1.0011,0.0013,86,🇨🇿,2015,10601.397,136.1413
GR,Greece,0.9948,0.0013,87,🇬🇷,2015,10659.75,78.1623
JO,Jordan,1.0031,0.0013,88,🇯🇴,2015,9266.575,115.297
AZ,Azerbaijan,1.0075,0.0013,89,🇦🇿,2015,9622.745,118.94
HN,Honduras,1.0157,0.0013,90,🇭🇳,2015,9112.916,90.862
SE,Sweden,1.0058,0.0013,91,🇸🇪,2015,9764.95,22.6939
PT,Portugal,0.9973,0.0013,92,🇵🇹,2015,10368.351,110.1159
AE,"United Arab Emirates",1.0091,0.0013,93,🇦🇪,2015,9262.9,120.5955
TJ,Tajikistan,1.0213,0.0013,94,🇹🇯,2015,8454.028,69.584
HU,Hungary,0.9971,0.0012,95,🇭🇺,2015,9777.923,103.262
BY,Belarus,0.9989,0.0012,96,🇧🇾,2015,9439.423,45.4374
PG,"Papua New Guinea",1.019,0.0012,97,🇵🇬,2015,8107.775,20.0764
AT,Austria,1.0026,0.0011,98,🇦🇹,2015,8678.66,108.103
IL,Israel,1.0151,0.0011,99,🇮🇱,2015,7978.49,429.6048
CH,Switzerland,1.0067,0.0011,100,🇨🇭,2015,8296.775,212.5191
TG,Togo,1.0239,0.0011,101,🇹🇬,2015,7323.158,152.872
RS,Serbia,0.9949,0.0011,102,🇷🇸,2015,8876.777,97.928
SL,"Sierra Leone",1.0203,0.001,103,🇸🇱,2015,7171.914,115.7853
HK,"Hong Kong",1.0068,0.001,104,🇭🇰,2015,7185.996,6887.952
LA,Laos,1.0138,0.0009,105,🇱🇦,2015,6741.164,31.5922
PY,Paraguay,1.0119,0.0009,106,🇵🇾,2015,6688.746,17.9614
LY,Libya,1.0118,0.0009,107,🇱🇾,2015,6418.315,4.0015
BG,Bulgaria,0.9925,0.0009,108,🇧🇬,2015,7199.741,61.7303
NI,Nicaragua,1.0114,0.0009,109,🇳🇮,2015,6223.24,51.9977
KG,Kyrgyzstan,1.0151,0.0008,110,🇰🇬,2015,5959.121,33.6496
LB,Lebanon,0.9875,0.0008,111,🇱🇧,2015,6532.678,639.5761
SV,"El Salvador",1.0049,0.0008,112,🇸🇻,2015,6325.124,311.3155
TM,Turkmenistan,1.0137,0.0008,113,🇹🇲,2015,5565.287,12.7063
SG,Singapore,1.0079,0.0007,114,🇸🇬,2015,5592.152,8371.1915
DK,Denmark,1.0037,0.0007,115,🇩🇰,2015,5688.695,135.4005
CG,"Republic of the Congo",1.0249,0.0007,116,🇨🇬,2015,4856.095,16.9526
FI,Finland,1.0012,0.0007,117,🇫🇮,2015,5481.122,16.4142
NO,Norway,1.0084,0.0007,118,🇳🇴,2015,5199.836,17.0208
SK,Slovakia,0.9999,0.0007,119,🇸🇰,2015,5435.611,111.3484
PS,Palestine,1.0235,0.0007,120,🇵🇸,2015,4529.166,859.4117
OM,Oman,1.0193,0.0007,121,🇴🇲,2015,4267.348,17.2019
LR,Liberia,1.0241,0.0007,122,🇱🇷,2015,4472.23,47.6355
CR,"Costa Rica",1.0084,0.0007,123,🇨🇷,2015,4847.804,101.4159
IE,Ireland,1.0075,0.0006,124,🇮🇪,2015,4652.425,71.4385
CF,"Central African Republic",1.0197,0.0006,125,🇨🇫,2015,4493.17,8.0527
MR,Mauritania,1.0266,0.0006,126,🇲🇷,2015,4046.301,4.756
NZ,"New Zealand",1.0077,0.0006,127,🇳🇿,2015,4614.532,18.1102
PA,Panama,1.0149,0.0006,128,🇵🇦,2015,3968.487,58.965
KW,Kuwait,1.012,0.0006,129,🇰🇼,2015,3835.591,245.8371
HR,Croatia,0.9945,0.0005,130,🇭🇷,2015,4232.874,71.7264
MD,Moldova,0.9973,0.0005,131,🇲🇩,2015,4070.7,118.5715
GE,Georgia,0.9972,0.0005,132,🇬🇪,2015,4024.183,56.9403
ER,Eritrea,1.0169,0.0005,133,🇪🇷,2015,3342.818,31.1415
UY,Uruguay,1.0031,0.0004,134,🇺🇾,2015,3412.009,19.3114
MN,Mongolia,1.0147,0.0004,135,🇲🇳,2015,2998.439,2.1597
BA,"Bosnia and Herzegovina",0.9957,0.0004,136,🇧🇦,2015,3429.361,63.4521
JM,Jamaica,1.0039,0.0004,137,🇯🇲,2015,2891.021,271.5944
QA,Qatar,1.0169,0.0004,138,🇶🇦,2015,2565.71,257.1996
AM,Armenia,1.0013,0.0004,139,🇦🇲,2015,2925.553,99.9215
AL,Albania,0.9977,0.0004,140,🇦🇱,2015,2890.513,99.7069
PR,"Puerto Rico",1.0006,0.0004,141,🇵🇷,2015,3381.518,319.0318
LT,Lithuania,0.9895,0.0003,142,🇱🇹,2015,2931.88,40.7612
NA,Namibia,1.018,0.0003,143,🇳🇦,2015,2314.904,3.1902
GM,Gambia,1.0288,0.0003,144,🇬🇲,2015,2085.86,239.3565
BW,Botswana,1.0183,0.0003,145,🇧🇼,2015,2120.716,4.1944
GA,Gabon,1.0231,0.0003,146,🇬🇦,2015,1947.686,8.7105
LS,Lesotho,1.0077,0.0003,147,🇱🇸,2015,2059.021,71.6751
MK,"North Macedonia",0.9993,0.0003,148,🇲🇰,2015,2079.328,80.9436
SI,Slovenia,0.9997,0.0003,149,🇸🇮,2015,2071.199,102.5025
GW,Guinea-Bissau,1.0238,0.0003,150,🇬🇼,2015,1737.202,57.1174
LV,Latvia,0.9903,0.0002,151,🇱🇻,2015,1997.674,28.6379
BH,Bahrain,1.0204,0.0002,152,🇧🇭,2015,1371.851,2332.0039
GQ,"Equatorial Guinea",1.0323,0.0002,153,🇬🇶,2015,1168.568,53.355
TT,"Trinidad and Tobago",1.0023,0.0002,154,🇹🇹,2015,1370.328,274.1881
TL,Timor-Leste,1.019,0.0002,155,🇹🇱,2015,1196.302,92.0686
EE,Estonia,0.9975,0.0002,156,🇪🇪,2015,1315.325,29.2283
MU,Mauritius,1.001,0.0002,157,🇲🇺,2015,1259.456,624.8662
CY,Cyprus,1.0064,0.0002,158,🇨🇾,2015,1160.985,132.2438
SZ,Eswatini,1.0106,0.0001,159,🇸🇿,2015,1104.044,68.2341
DJ,Djibouti,1.0139,0.0001,160,🇩🇯,2015,913.993,43.7973
FJ,Fiji,1.0073,0.0001,161,🇫🇯,2015,868.627,49.7738
RE,Reunion,1.0071,0.0001,162,🇷🇪,2015,863.363,361.6332
KM,Comoros,1.0213,0.0001,163,🇰🇲,2015,777.424,487.3357
GY,Guyana,1.0047,0.0001,164,🇬🇾,2015,767.432,3.6938
BT,Bhutan,1.0103,0.0001,165,🇧🇹,2015,727.876,20.5225
SB,"Solomon Islands",1.0244,0.0001,166,🇸🇧,2015,603.118,24.9571
MO,Macau,1.0138,0.0001,167,🇲🇴,2015,602.085,22249.6667
LU,Luxembourg,1.0119,0.0001,168,🇱🇺,2015,566.741,248.4033
ME,Montenegro,0.9998,0.0001,169,🇲🇪,2015,626.956,45.4641
EH,"Western Sahara",1.0233,0.0001,170,🇪🇭,2015,526.216,2.354
SR,Suriname,1.0085,0.0001,171,🇸🇷,2015,559.143,3.6432
CV,"Cape Verde",1.0103,0.0001,172,🇨🇻,2015,524.743,140.7582
MV,Maldives,0.9952,0.0001,173,🇲🇻,2015,454.915,1803.2833
BN,Brunei,1.0088,0.0001,174,🇧🇳,2015,414.907,77.2647
MT,Malta,1.0028,0.0001,175,🇲🇹,2015,433.559,1405.1677
BZ,Belize,1.018,0.0001,176,🇧🇿,2015,360.933,17.9478
BS,Bahamas,1.0091,0.0001,177,🇧🇸,2015,374.206,28.7252
GP,Guadeloupe,0.9994,0.0001,178,🇬🇵,2015,400.255,245.5737
MQ,Martinique,0.9982,0,179,🇲🇶,2015,378.478,331.6374
IS,Iceland,1.0059,0,180,🇮🇸,2015,330.243,3.3533
VU,Vanuatu,1.0234,0,181,🇻🇺,2015,271.13,26.4035
GF,"French Guiana",1.0252,0,182,🇬🇫,2015,260.999,3.761
NC,"New Caledonia",1.0094,0,183,🇳🇨,2015,271.065,15.6616
BB,Barbados,1.0011,0,184,🇧🇧,2015,285.324,669.8209
YT,Mayotte,1.0241,0,185,🇾🇹,2015,240.02,765.3984
PF,"French Polynesia",1.0058,0,186,🇵🇫,2015,273.124,68.1939
ST,"Sao Tome and Principe",1.0193,0,187,🇸🇹,2015,199.432,236.1815
WS,Samoa,1.0104,0,188,🇼🇸,2015,193.513,71.1608
LC,"Saint Lucia",1.0039,0,189,🇱🇨,2015,179.126,300.5081
GU,Guam,1.0079,0,190,🇬🇺,2015,161.853,312.4208
CW,Curacao,1.0044,0,191,🇨🇼,2015,159.847,372.8131
KI,Kiribati,1.0167,0,192,🇰🇮,2015,110.93,152.1813
FM,Micronesia,1.0106,0,193,🇫🇲,2015,108.895,167.3632
GD,Grenada,1.004,0,194,🇬🇩,2015,109.599,329.8692
VC,"Saint Vincent and the Grenadines",1.0026,0,195,🇻🇨,2015,109.148,286.7635
TO,Tonga,1.0093,0,196,🇹🇴,2015,100.781,144.2423
AW,Aruba,1.0038,0,197,🇦🇼,2015,104.341,597.8278
VI,"United States Virgin Islands",0.9976,0,198,🇻🇮,2015,104.958,299.6282
AG,"Antigua and Barbuda",1.0079,0,199,🇦🇬,2015,93.566,225.1335
SC,Seychelles,1.0052,0,200,🇸🇨,2015,94.978,219.969
IM,"Isle of Man",1.0038,0,201,🇮🇲,2015,83.234,149.8811
AD,Andorra,1.0014,0,202,🇦🇩,2015,78.011,165.5192
DM,Dominica,1.0025,0,203,🇩🇲,2015,71.183,96.3302
KY,"Cayman Islands",1.0117,0,204,🇰🇾,2015,61.724,254.8371
BM,Bermuda,0.9976,0,205,🇧🇲,2015,63.692,1147.0185
MH,"Marshall Islands",1.0075,0,206,🇲🇭,2015,57.439,331.8066
MP,"Northern Mariana Islands",1.0061,0,207,🇲🇵,2015,55.78,125.5797
GL,Greenland,1.0017,0,208,🇬🇱,2015,56.377,0.0263
AS,"American Samoa",0.9987,0,209,🇦🇸,2015,55.812,276.5327
KN,"Saint Kitts and Nevis",1.0061,0,210,🇰🇳,2015,51.203,206.4023
FO,"Faroe Islands",1.0038,0,211,🇫🇴,2015,48.051,35.3431
SX,"Sint Maarten",1.0128,0,212,🇸🇽,2015,39.968,1293.1176
MC,Monaco,1.0069,0,213,🇲🇨,2015,37.718,19891.5
TC,"Turks and Caicos Islands",1.013,0,214,🇹🇨,2015,35.981,41.9209
MF,"Saint Martin",1.0126,0,215,🇲🇫,2015,35.858,749.6226
LI,Liechtenstein,1.0036,0,216,🇱🇮,2015,37.47,239.9187
SM,"San Marino",1.002,0,217,🇸🇲,2015,33.272,558.7705
GI,Gibraltar,1.0002,0,218,🇬🇮,2015,33.736,5617.3333
VG,"British Virgin Islands",1.0058,0,219,🇻🇬,2015,29.152,202.6225
PW,Palau,1.0035,0,220,🇵🇼,2015,17.665,39.7233
CK,"Cook Islands",1.0003,0,221,🇨🇰,2015,17.586,74.4534
AI,Anguilla,1.0075,0,222,🇦🇮,2015,14.279,167.3626
TV,Tuvalu,1.0113,0,223,🇹🇻,2015,11.099,464.0769
WF,"Wallis and Futuna",0.9899,0,224,🇼🇫,2015,12.266,77.338
NR,Nauru,1.0025,0,225,🇳🇷,2015,10.383,519.1905
BL,"Saint Barthelemy",1.0038,0,226,🇧🇱,2015,9.693,473.5714
PM,"Saint Pierre and Miquelon",0.9988,0,227,🇵🇲,2015,5.993,23.7975
MS,Montserrat,0.9976,0,228,🇲🇸,2015,4.967,48.6765
FK,"Falkland Islands",1.0017,0,229,🇫🇰,2015,2.834,0.2907
NU,Niue,1.0019,0,230,🇳🇺,2015,1.619,6.2385
TK,Tokelau,1.0036,0,231,🇹🇰,2015,1.252,114.8333
VA,"Vatican City",0.9988,0,232,🇻🇦,2015,0.803,799
CN,China,1.0029,0.1821,1,🇨🇳,2010,1368810.615,149.2199
IN,India,1.0095,0.1768,2,🇮🇳,2010,1234281.17,427.8611
US,"United States",1.0057,0.0421,3,🇺🇸,2010,309011.475,35.7217
ID,Indonesia,1.01,0.0351,4,🇮🇩,2010,241834.215,146.5605
PK,Pakistan,1.019,0.0289,5,🇵🇰,2010,179424.641,260.2176
NG,Nigeria,1.0253,0.0273,6,🇳🇬,2010,158503.197,234.6335
BR,Brazil,1.0064,0.0271,7,🇧🇷,2010,195713.635,25.2888
BD,Bangladesh,1.0095,0.0211,8,🇧🇩,2010,147575.43,1137.6682
RU,Russia,0.9993,0.0183,9,🇷🇺,2010,143479.274,8.5275
MX,Mexico,1.01,0.0165,10,🇲🇽,2010,114092.963,66.9744
JP,Japan,0.9963,0.0158,11,🇯🇵,2010,128542.353,332.2966
ET,Ethiopia,1.0249,0.0152,12,🇪🇹,2010,87639.964,109.4021
PH,Philippines,1.0132,0.0141,13,🇵🇭,2010,93966.78,328.6345
EG,Egypt,1.0182,0.0133,14,🇪🇬,2010,82761.235,105.8972
VN,Vietnam,1.008,0.0124,15,🇻🇳,2010,87967.651,298.7619
CD,"DR Congo",1.031,0.012,16,🇨🇩,2010,64563.854,40.6169
IR,Iran,1.0117,0.0108,17,🇮🇷,2010,73762.519,52.1921
TR,Turkey,1.0061,0.0108,18,🇹🇷,2010,72326.988,109.1962
DE,Germany,0.9998,0.0105,19,🇩🇪,2010,80827.002,234.893
TH,Thailand,1.0018,0.0088,20,🇹🇭,2010,67195.028,136.5727
GB,"United Kingdom",1.0043,0.0086,21,🇬🇧,2010,63459.808,282.0004
FR,France,1.0024,0.0082,22,🇫🇷,2010,62879.53,118.8782
TZ,Tanzania,1.0293,0.008,23,🇹🇿,2010,44346.525,66.9764
ZA,"South Africa",1.0119,0.0076,24,🇿🇦,2010,51216.964,49.7578
IT,Italy,0.9983,0.0076,25,🇮🇹,2010,59325.229,199.9853
KE,Kenya,1.0224,0.0071,26,🇰🇪,2010,42030.676,96.8615
MM,Myanmar,1.0077,0.0069,27,🇲🇲,2010,50600.818,81.6272
CO,Colombia,1.0048,0.0065,28,🇨🇴,2010,45222.7,45.1175
KR,"South Korea",1.0005,0.0065,29,🇰🇷,2010,49545.636,512.2233
UG,Uganda,1.0278,0.0061,30,🇺🇬,2010,32428.167,200.5086
ES,Spain,0.9994,0.0059,31,🇪🇸,2010,46931.015,92.3318
AR,Argentina,1.0089,0.0058,32,🇦🇷,2010,40895.752,16.5481
SD,Sudan,1.0241,0.0058,33,🇸🇩,2010,34545.013,24.3851
DZ,Algeria,1.0164,0.0057,34,🇩🇿,2010,35977.455,19.0408
UA,Ukraine,0.9937,0.0054,35,🇺🇦,2010,45792.09,71.5694
IQ,Iraq,1.0239,0.0053,36,🇮🇶,2010,29741.976,96.1974
AF,Afghanistan,1.0231,0.0051,37,🇦🇫,2010,29185.507,62.4847
CA,Canada,1.0084,0.0048,38,🇨🇦,2010,34147.564,3.8447
MA,Morocco,1.0115,0.0047,39,🇲🇦,2010,32343.389,84.588
PL,Poland,0.9985,0.0047,40,🇵🇱,2010,38329.781,120.6982
SA,"Saudi Arabia",1.0143,0.0045,41,🇸🇦,2010,27421.461,16.6745
AO,Angola,1.0322,0.0044,42,🇦🇴,2010,23356.246,28.096
UZ,Uzbekistan,1.0132,0.0043,43,🇺🇿,2010,28515.909,76.8486
PE,Peru,1.0097,0.0042,44,🇵🇪,2010,29027.674,26.209
MY,Malaysia,1.0124,0.0042,45,🇲🇾,2010,28208.035,100.3046
MZ,Mozambique,1.0288,0.0042,46,🇲🇿,2010,23531.574,41.2798
GH,Ghana,1.0209,0.0041,47,🇬🇭,2010,24779.619,135.8112
YE,Yemen,1.0218,0.0039,48,🇾🇪,2010,23154.855,59.009
NP,Nepal,1.0186,0.0038,49,🇳🇵,2010,27013.212,205.3633
VE,Venezuela,1.0196,0.0037,50,🇻🇪,2010,28439.94,31.9353
MG,Madagascar,1.0264,0.0037,51,🇲🇬,2010,21151.64,49.7036
CM,Cameroon,1.0252,0.0035,52,🇨🇲,2010,20341.241,58.7065
CI,"Ivory Coast",1.0255,0.0035,53,🇨🇮,2010,20532.95,86.0325
NE,Niger,1.0379,0.0033,54,🇳🇪,2010,16464.025,20.5869
AU,Australia,1.0109,0.0033,55,🇦🇺,2010,22154.679,3.3891
KP,"North Korea",1.004,0.0033,56,🇰🇵,2010,24548.836,215.6223
TW,Taiwan,1.0014,0.003,57,🇹🇼,2010,23187.551,660.0336
BF,"Burkina Faso",1.0282,0.0028,58,🇧🇫,2010,15605.217,80.9726
LK,"Sri Lanka",1.0037,0.0027,59,🇱🇰,2010,20261.737,328.8499
ML,Mali,1.0296,0.0027,60,🇲🇱,2010,15049.353,17.3149
MW,Malawi,1.0271,0.0025,61,🇲🇼,2010,14539.612,170.3254
ZM,Zambia,1.029,0.0024,62,🇿🇲,2010,13605.984,25.8702
SY,Syria,1.0596,0.0024,63,🇸🇾,2010,21362.529,104.5729
CL,Chile,1.002,0.0024,64,🇨🇱,2010,17062.536,25.4598
KZ,Kazakhstan,1.0111,0.0024,65,🇰🇿,2010,16252.279,7.048
RO,Romania,0.995,0.0024,66,🇷🇴,2010,20471.864,79.8324
GT,Guatemala,1.0183,0.0023,67,🇬🇹,2010,14630.417,170.6696
EC,Ecuador,1.0126,0.0023,68,🇪🇨,2010,15011.117,65.4288
SN,Senegal,1.0266,0.0022,69,🇸🇳,2010,12678.148,89.7392
TD,Chad,1.0295,0.0022,70,🇹🇩,2010,11952.136,13.562
NL,Netherlands,1.0022,0.0022,71,🇳🇱,2010,16682.917,411.2652
KH,Cambodia,1.0131,0.0022,72,🇰🇭,2010,14312.212,94.836
SO,Somalia,1.0295,0.0021,73,🇸🇴,2010,12043.883,26.412
ZW,Zimbabwe,1.0159,0.0019,74,🇿🇼,2010,12697.723,39.2352
GN,Guinea,1.0273,0.0017,75,🇬🇳,2010,10192.176,56.3974
RW,Rwanda,1.0244,0.0017,76,🇷🇼,2010,10039.338,516.3818
BJ,Benin,1.0268,0.0016,77,🇧🇯,2010,9199.259,113.5189
BI,Burundi,1.0301,0.0016,78,🇧🇮,2010,8675.602,453.5762
TN,Tunisia,1.0093,0.0015,79,🇹🇳,2010,10635.244,73.6303
BO,Bolivia,1.0135,0.0015,80,🇧🇴,2010,10048.59,10.9165
HT,Haiti,1.012,0.0015,81,🇭🇹,2010,9949.322,420.9111
BE,Belgium,1.0031,0.0015,82,🇧🇪,2010,10938.739,382.2156
SS,"South Sudan",1.0208,0.0015,83,🇸🇸,2010,9508.364,18.7472
CU,Cuba,0.999,0.0014,84,🇨🇺,2010,11225.832,102.8872
DO,"Dominican Republic",1.0094,0.0014,85,🇩🇴,2010,9695.121,227.1655
CZ,"Czech Republic",1.0011,0.0013,86,🇨🇿,2010,10536.518,136.1413
GR,Greece,0.9948,0.0013,87,🇬🇷,2010,10887.637,78.1623
JO,Jordan,1.0031,0.0013,88,🇯🇴,2010,7261.539,115.297
AZ,Azerbaijan,1.0075,0.0013,89,🇦🇿,2010,9032.461,118.94
HN,Honduras,1.0157,0.0013,90,🇭🇳,2010,8317.47,90.862
SE,Sweden,1.0058,0.0013,91,🇸🇪,2010,9390.168,22.6939
PT,Portugal,0.9973,0.0013,92,🇵🇹,2010,10596.058,110.1159
AE,"United Arab Emirates",1.0091,0.0013,93,🇦🇪,2010,8549.988,120.5955
TJ,Tajikistan,1.0213,0.0013,94,🇹🇯,2010,7527.394,69.584
HU,Hungary,0.9971,0.0012,95,🇭🇺,2010,9927.37,103.262
BY,Belarus,0.9989,0.0012,96,🇧🇾,2010,9420.574,45.4374
PG,"Papua New Guinea",1.019,0.0012,97,🇵🇬,2010,7310.507,20.0764
AT,Austria,1.0026,0.0011,98,🇦🇹,2010,8409.949,108.103
IL,Israel,1.0151,0.0011,99,🇮🇱,2010,7346.446,429.6048
CH,Switzerland,1.0067,0.0011,100,🇨🇭,2010,7808.675,212.5191
TG,Togo,1.0239,0.0011,101,🇹🇬,2010,6421.679,152.872
RS,Serbia,0.9949,0.0011,102,🇷🇸,2010,8991.254,97.928
SL,"Sierra Leone",1.0203,0.001,103,🇸🇱,2010,6415.634,115.7853
HK,"Hong Kong",1.0068,0.001,104,🇭🇰,2010,6966.331,6887.952
LA,Laos,1.0138,0.0009,105,🇱🇦,2010,6249.165,31.5922
PY,Paraguay,1.0119,0.0009,106,🇵🇾,2010,6248.02,17.9614
LY,Libya,1.0118,0.0009,107,🇱🇾,2010,6197.663,4.0015
BG,Bulgaria,0.9925,0.0009,108,🇧🇬,2010,7425.008,61.7303
NI,Nicaragua,1.0114,0.0009,109,🇳🇮,2010,5824.065,51.9977
KG,Kyrgyzstan,1.0151,0.0008,110,🇰🇬,2010,5422.293,33.6496
LB,Lebanon,0.9875,0.0008,111,🇱🇧,2010,4953.061,639.5761
SV,"El Salvador",1.0049,0.0008,112,🇸🇻,2010,6183.875,311.3155
TM,Turkmenistan,1.0137,0.0008,113,🇹🇲,2010,5087.213,12.7063
SG,Singapore,1.0079,0.0007,114,🇸🇬,2010,5131.172,8371.1915
DK,Denmark,1.0037,0.0007,115,🇩🇰,2010,5554.844,135.4005
CG,"Republic of the Congo",1.0249,0.0007,116,🇨🇬,2010,4273.731,16.9526
FI,Finland,1.0012,0.0007,117,🇫🇮,2010,5365.782,16.4142
NO,Norway,1.0084,0.0007,118,🇳🇴,2010,4885.878,17.0208
SK,Slovakia,0.9999,0.0007,119,🇸🇰,2010,5404.294,111.3484
PS,Palestine,1.0235,0.0007,120,🇵🇸,2010,4055.631,859.4117
OM,Oman,1.0193,0.0007,121,🇴🇲,2010,3041.434,17.2019
LR,Liberia,1.0241,0.0007,122,🇱🇷,2010,3891.356,47.6355
CR,"Costa Rica",1.0084,0.0007,123,🇨🇷,2010,4577.378,101.4159
IE,Ireland,1.0075,0.0006,124,🇮🇪,2010,4554.321,71.4385
CF,"Central African Republic",1.0197,0.0006,125,🇨🇫,2010,4386.768,8.0527
MR,Mauritania,1.0266,0.0006,126,🇲🇷,2010,3494.195,4.756
NZ,"New Zealand",1.0077,0.0006,127,🇳🇿,2010,4370.062,18.1102
PA,Panama,1.0149,0.0006,128,🇵🇦,2010,3642.687,58.965
KW,Kuwait,1.012,0.0006,129,🇰🇼,2010,2991.884,245.8371
HR,Croatia,0.9945,0.0005,130,🇭🇷,2010,4328.165,71.7264
MD,Moldova,0.9973,0.0005,131,🇲🇩,2010,4086.081,118.5715
GE,Georgia,0.9972,0.0005,132,🇬🇪,2010,4099.099,56.9403
ER,Eritrea,1.0169,0.0005,133,🇪🇷,2010,3170.435,31.1415
UY,Uruguay,1.0031,0.0004,134,🇺🇾,2010,3359.275,19.3114
MN,Mongolia,1.0147,0.0004,135,🇲🇳,2010,2719.896,2.1597
BA,"Bosnia and Herzegovina",0.9957,0.0004,136,🇧🇦,2010,3705.472,63.4521
JM,Jamaica,1.0039,0.0004,137,🇯🇲,2010,2810.46,271.5944
QA,Qatar,1.0169,0.0004,138,🇶🇦,2010,1856.327,257.1996
AM,Armenia,1.0013,0.0004,139,🇦🇲,2010,2877.319,99.9215
AL,Albania,0.9977,0.0004,140,🇦🇱,2010,2948.023,99.7069
PR,"Puerto Rico",1.0006,0.0004,141,🇵🇷,2010,3579.841,319.0318
LT,Lithuania,0.9895,0.0003,142,🇱🇹,2010,3123.816,40.7612
NA,Namibia,1.018,0.0003,143,🇳🇦,2010,2118.874,3.1902
GM,Gambia,1.0288,0.0003,144,🇬🇲,2010,1793.196,239.3565
BW,Botswana,1.0183,0.0003,145,🇧🇼,2010,1987.105,4.1944
GA,Gabon,1.0231,0.0003,146,🇬🇦,2010,1624.14,8.7105
LS,Lesotho,1.0077,0.0003,147,🇱🇸,2010,1995.581,71.6751
MK,"North Macedonia",0.9993,0.0003,148,🇲🇰,2010,2070.741,80.9436
SI,Slovenia,0.9997,0.0003,149,🇸🇮,2010,2043.337,102.5025
GW,Guinea-Bissau,1.0238,0.0003,150,🇬🇼,2010,1522.599,57.1174
LV,Latvia,0.9903,0.0002,151,🇱🇻,2010,2118.861,28.6379
BH,Bahrain,1.0204,0.0002,152,🇧🇭,2010,1240.86,2332.0039
GQ,"Equatorial Guinea",1.0323,0.0002,153,🇬🇶,2010,943.639,53.355
TT,"Trinidad and Tobago",1.0023,0.0002,154,🇹🇹,2010,1328.147,274.1881
TL,Timor-Leste,1.019,0.0002,155,🇹🇱,2010,1093.523,92.0686
EE,Estonia,0.9975,0.0002,156,🇪🇪,2010,1332.101,29.2283
MU,Mauritius,1.001,0.0002,157,🇲🇺,2010,1247.955,624.8662
CY,Cyprus,1.0064,0.0002,158,🇨🇾,2010,1112.612,132.2438
SZ,Eswatini,1.0106,0.0001,159,🇸🇿,2010,1064.837,68.2341
DJ,Djibouti,1.0139,0.0001,160,🇩🇯,2010,840.198,43.7973
FJ,Fiji,1.0073,0.0001,161,🇫🇯,2010,859.818,49.7738
RE,Reunion,1.0071,0.0001,162,🇷🇪,2010,830.519,361.6332
KM,Comoros,1.0213,0.0001,163,🇰🇲,2010,689.692,487.3357
GY,Guyana,1.0047,0.0001,164,🇬🇾,2010,749.436,3.6938
BT,Bhutan,1.0103,0.0001,165,🇧🇹,2010,685.503,20.5225
SB,"Solomon Islands",1.0244,0.0001,166,🇸🇧,2010,527.861,24.9571
MO,Macau,1.0138,0.0001,167,🇲🇴,2010,538.219,22249.6667
LU,Luxembourg,1.0119,0.0001,168,🇱🇺,2010,507.889,248.4033
ME,Montenegro,0.9998,0.0001,169,🇲🇪,2010,624.275,45.4641
EH,"Western Sahara",1.0233,0.0001,170,🇪🇭,2010,480.274,2.354
SR,Suriname,1.0085,0.0001,171,🇸🇷,2010,529.131,3.6432
CV,"Cape Verde",1.0103,0.0001,172,🇨🇻,2010,492.654,140.7582
MV,Maldives,0.9952,0.0001,173,🇲🇻,2010,365.734,1803.2833
BN,Brunei,1.0088,0.0001,174,🇧🇳,2010,388.646,77.2647
MT,Malta,1.0028,0.0001,175,🇲🇹,2010,414.253,1405.1677
BZ,Belize,1.018,0.0001,176,🇧🇿,2010,322.464,17.9478
BS,Bahamas,1.0091,0.0001,177,🇧🇸,2010,354.942,28.7252
GP,Guadeloupe,0.9994,0.0001,178,🇬🇵,2010,406.071,245.5737
MQ,Martinique,0.9982,0,179,🇲🇶,2010,394.663,331.6374
IS,Iceland,1.0059,0,180,🇮🇸,2010,320.328,3.3533
VU,Vanuatu,1.0234,0,181,🇻🇺,2010,236.211,26.4035
GF,"French Guiana",1.0252,0,182,🇬🇫,2010,233.002,3.761
NC,"New Caledonia",1.0094,0,183,🇳🇨,2010,253.527,15.6616
BB,Barbados,1.0011,0,184,🇧🇧,2010,282.131,669.8209
YT,Mayotte,1.0241,0,185,🇾🇹,2010,208.718,765.3984
PF,"French Polynesia",1.0058,0,186,🇵🇫,2010,266.455,68.1939
ST,"Sao Tome and Principe",1.0193,0,187,🇸🇹,2010,180.371,236.1815
WS,Samoa,1.0104,0,188,🇼🇸,2010,185.949,71.1608
LC,"Saint Lucia",1.0039,0,189,🇱🇨,2010,174.085,300.5081
GU,Guam,1.0079,0,190,🇬🇺,2010,159.444,312.4208
CW,Curacao,1.0044,0,191,🇨🇼,2010,149.192,372.8131
KI,Kiribati,1.0167,0,192,🇰🇮,2010,102.927,152.1813
FM,Micronesia,1.0106,0,193,🇫🇲,2010,102.911,167.3632
GD,Grenada,1.004,0,194,🇬🇩,2010,106.233,329.8692
VC,"Saint Vincent and the Grenadines",1.0026,0,195,🇻🇨,2010,108.255,286.7635
TO,Tonga,1.0093,0,196,🇹🇴,2010,103.986,144.2423
AW,Aruba,1.0038,0,197,🇦🇼,2010,101.669,597.8278
VI,"United States Virgin Islands",0.9976,0,198,🇻🇮,2010,106.087,299.6282
AG,"Antigua and Barbuda",1.0079,0,199,🇦🇬,2010,88.028,225.1335
SC,Seychelles,1.0052,0,200,🇸🇨,2010,91.264,219.969
IM,"Isle of Man",1.0038,0,201,🇮🇲,2010,84.857,149.8811
AD,Andorra,1.0014,0,202,🇦🇩,2010,84.449,165.5192
DM,Dominica,1.0025,0,203,🇩🇲,2010,70.878,96.3302
KY,"Cayman Islands",1.0117,0,204,🇰🇾,2010,56.672,254.8371
BM,Bermuda,0.9976,0,205,🇧🇲,2010,65.389,1147.0185
MH,"Marshall Islands",1.0075,0,206,🇲🇭,2010,56.366,331.8066
MP,"Northern Mariana Islands",1.0061,0,207,🇲🇵,2010,53.971,125.5797
GL,Greenland,1.0017,0,208,🇬🇱,2010,56.638,0.0263
AS,"American Samoa",0.9987,0,209,🇦🇸,2010,56.079,276.5327
KN,"Saint Kitts and Nevis",1.0061,0,210,🇰🇳,2010,49.016,206.4023
FO,"Faroe Islands",1.0038,0,211,🇫🇴,2010,47.814,35.3431
SX,"Sint Maarten",1.0128,0,212,🇸🇽,2010,34.168,1293.1176
MC,Monaco,1.0069,0,213,🇲🇨,2010,35.612,19891.5
TC,"Turks and Caicos Islands",1.013,0,214,🇹🇨,2010,32.66,41.9209
MF,"Saint Martin",1.0126,0,215,🇲🇫,2010,37.582,749.6226
LI,Liechtenstein,1.0036,0,216,🇱🇮,2010,35.994,239.9187
SM,"San Marino",1.002,0,217,🇸🇲,2010,31.229,558.7705
GI,Gibraltar,1.0002,0,218,🇬🇮,2010,33.585,5617.3333
VG,"British Virgin Islands",1.0058,0,219,🇻🇬,2010,27.794,202.6225
PW,Palau,1.0035,0,220,🇵🇼,2010,17.955,39.7233
CK,"Cook Islands",1.0003,0,221,🇨🇰,2010,18.391,74.4534
AI,Anguilla,1.0075,0,222,🇦🇮,2010,13.438,167.3626
TV,Tuvalu,1.0113,0,223,🇹🇻,2010,10.53,464.0769
WF,"Wallis and Futuna",0.9899,0,224,🇼🇫,2010,12.689,77.338
NR,Nauru,1.0025,0,225,🇳🇷,2010,10.005,519.1905
BL,"Saint Barthelemy",1.0038,0,226,🇧🇱,2010,9.234,473.5714
PM,"Saint Pierre and Miquelon",0.9988,0,227,🇵🇲,2010,6.353,23.7975
MS,Montserrat,0.9976,0,228,🇲🇸,2010,4.899,48.6765
FK,"Falkland Islands",1.0017,0,229,🇫🇰,2010,2.901,0.2907
NU,Niue,1.0019,0,230,🇳🇺,2010,1.618,6.2385
TK,Tokelau,1.0036,0,231,🇹🇰,2010,1.14,114.8333
VA,"Vatican City",0.9988,0,232,🇻🇦,2010,0.794,799
CN,China,1.0029,0.1821,1,🇨🇳,2000,1290550.765,149.2199
IN,India,1.0095,0.1768,2,🇮🇳,2000,1056575.549,427.8611
US,"United States",1.0057,0.0421,3,🇺🇸,2000,281710.909,35.7217
ID,Indonesia,1.01,0.0351,4,🇮🇩,2000,211513.823,146.5605
PK,Pakistan,1.019,0.0289,5,🇵🇰,2000,142343.578,260.2176
NG,Nigeria,1.0253,0.0273,6,🇳🇬,2000,122283.85,234.6335
BR,Brazil,1.0064,0.0271,7,🇧🇷,2000,174790.34,25.2888
BD,Bangladesh,1.0095,0.0211,8,🇧🇩,2000,127657.854,1137.6682
RU,Russia,0.9993,0.0183,9,🇷🇺,2000,146404.903,8.5275
MX,Mexico,1.01,0.0165,10,🇲🇽,2000,98899.845,66.9744
JP,Japan,0.9963,0.0158,11,🇯🇵,2000,127524.174,332.2966
ET,Ethiopia,1.0249,0.0152,12,🇪🇹,2000,66224.804,109.4021
PH,Philippines,1.0132,0.0141,13,🇵🇭,2000,77991.755,328.6345
EG,Egypt,1.0182,0.0133,14,🇪🇬,2000,68831.561,105.8972
VN,Vietnam,1.008,0.0124,15,🇻🇳,2000,79910.412,298.7619
CD,"DR Congo",1.031,0.012,16,🇨🇩,2000,47105.826,40.6169
IR,Iran,1.0117,0.0108,17,🇮🇷,2000,65623.405,52.1921
TR,Turkey,1.0061,0.0108,18,🇹🇷,2000,63240.194,109.1962
DE,Germany,0.9998,0.0105,19,🇩🇪,2000,81400.882,234.893
TH,Thailand,1.0018,0.0088,20,🇹🇭,2000,62952.642,136.5727
GB,"United Kingdom",1.0043,0.0086,21,🇬🇧,2000,58923.309,282.0004
FR,France,1.0024,0.0082,22,🇫🇷,2000,59015.096,118.8782
TZ,Tanzania,1.0293,0.008,23,🇹🇿,2000,33499.18,66.9764
ZA,"South Africa",1.0119,0.0076,24,🇿🇦,2000,44967.708,49.7578
IT,Italy,0.9983,0.0076,25,🇮🇹,2000,56692.178,199.9853
KE,Kenya,1.0224,0.0071,26,🇰🇪,2000,31964.557,96.8615
MM,Myanmar,1.0077,0.0069,27,🇲🇲,2000,46719.701,81.6272
CO,Colombia,1.0048,0.0065,28,🇨🇴,2000,39629.968,45.1175
KR,"South Korea",1.0005,0.0065,29,🇰🇷,2000,47379.241,512.2233
UG,Uganda,1.0278,0.0061,30,🇺🇬,2000,23650.172,200.5086
ES,Spain,0.9994,0.0059,31,🇪🇸,2000,40824.754,92.3318
AR,Argentina,1.0089,0.0058,32,🇦🇷,2000,36870.787,16.5481
SD,Sudan,1.0241,0.0058,33,🇸🇩,2000,27275.015,24.3851
DZ,Algeria,1.0164,0.0057,34,🇩🇿,2000,31042.235,19.0408
UA,Ukraine,0.9937,0.0054,35,🇺🇦,2000,48838.065,71.5694
IQ,Iraq,1.0239,0.0053,36,🇮🇶,2000,23497.585,96.1974
AF,Afghanistan,1.0231,0.0051,37,🇦🇫,2000,20779.953,62.4847
CA,Canada,1.0084,0.0048,38,🇨🇦,2000,30588.383,3.8447
MA,Morocco,1.0115,0.0047,39,🇲🇦,2000,28793.679,84.588
PL,Poland,0.9985,0.0047,40,🇵🇱,2000,38556.693,120.6982
SA,"Saudi Arabia",1.0143,0.0045,41,🇸🇦,2000,20663.843,16.6745
AO,Angola,1.0322,0.0044,42,🇦🇴,2000,16395.473,28.096
UZ,Uzbekistan,1.0132,0.0043,43,🇺🇿,2000,24769.955,76.8486
PE,Peru,1.0097,0.0042,44,🇵🇪,2000,26459.944,26.209
MY,Malaysia,1.0124,0.0042,45,🇲🇾,2000,23194.257,100.3046
MZ,Mozambique,1.0288,0.0042,46,🇲🇿,2000,17711.927,41.2798
GH,Ghana,1.0209,0.0041,47,🇬🇭,2000,19278.856,135.8112
YE,Yemen,1.0218,0.0039,48,🇾🇪,2000,17409.072,59.009
NP,Nepal,1.0186,0.0038,49,🇳🇵,2000,23941.11,205.3633
VE,Venezuela,1.0196,0.0037,50,🇻🇪,2000,24192.446,31.9353
MG,Madagascar,1.0264,0.0037,51,🇲🇬,2000,15766.806,49.7036
CM,Cameroon,1.0252,0.0035,52,🇨🇲,2000,15513.945,58.7065
CI,"Ivory Coast",1.0255,0.0035,53,🇨🇮,2000,16454.668,86.0325
NE,Niger,1.0379,0.0033,54,🇳🇪,2000,11331.557,20.5869
AU,Australia,1.0109,0.0033,55,🇦🇺,2000,18991.431,3.3891
KP,"North Korea",1.004,0.0033,56,🇰🇵,2000,22929.075,215.6223
TW,Taiwan,1.0014,0.003,57,🇹🇼,2000,21966.527,660.0336
BF,"Burkina Faso",1.0282,0.0028,58,🇧🇫,2000,11607.942,80.9726
LK,"Sri Lanka",1.0037,0.0027,59,🇱🇰,2000,18777.601,328.8499
ML,Mali,1.0296,0.0027,60,🇲🇱,2000,10946.445,17.3149
MW,Malawi,1.0271,0.0025,61,🇲🇼,2000,11148.758,170.3254
ZM,Zambia,1.029,0.0024,62,🇿🇲,2000,10415.944,25.8702
SY,Syria,1.0596,0.0024,63,🇸🇾,2000,16410.848,104.5729
CL,Chile,1.002,0.0024,64,🇨🇱,2000,15342.353,25.4598
KZ,Kazakhstan,1.0111,0.0024,65,🇰🇿,2000,14922.719,7.048
RO,Romania,0.995,0.0024,66,🇷🇴,2000,22137.419,79.8324
GT,Guatemala,1.0183,0.0023,67,🇬🇹,2000,11650.743,170.6696
EC,Ecuador,1.0126,0.0023,68,🇪🇨,2000,12681.123,65.4288
SN,Senegal,1.0266,0.0022,69,🇸🇳,2000,9797.734,89.7392
TD,Chad,1.0295,0.0022,70,🇹🇩,2000,8355.654,13.562
NL,Netherlands,1.0022,0.0022,71,🇳🇱,2000,15926.188,411.2652
KH,Cambodia,1.0131,0.0022,72,🇰🇭,2000,12155.239,94.836
SO,Somalia,1.0295,0.0021,73,🇸🇴,2000,8872.254,26.412
ZW,Zimbabwe,1.0159,0.0019,74,🇿🇼,2000,11881.477,39.2352
GN,Guinea,1.0273,0.0017,75,🇬🇳,2000,8240.73,56.3974
RW,Rwanda,1.0244,0.0017,76,🇷🇼,2000,7933.681,516.3818
BJ,Benin,1.0268,0.0016,77,🇧🇯,2000,6865.951,113.5189
BI,Burundi,1.0301,0.0016,78,🇧🇮,2000,6378.871,453.5762
TN,Tunisia,1.0093,0.0015,79,🇹🇳,2000,9708.35,73.6303
BO,Bolivia,1.0135,0.0015,80,🇧🇴,2000,8418.264,10.9165
HT,Haiti,1.012,0.0015,81,🇭🇹,2000,8463.806,420.9111
BE,Belgium,1.0031,0.0015,82,🇧🇪,2000,10282.033,382.2156
SS,"South Sudan",1.0208,0.0015,83,🇸🇸,2000,6199.394,18.7472
CU,Cuba,0.999,0.0014,84,🇨🇺,2000,11126.43,102.8872
DO,"Dominican Republic",1.0094,0.0014,85,🇩🇴,2000,8471.321,227.1655
CZ,"Czech Republic",1.0011,0.0013,86,🇨🇿,2000,10289.373,136.1413
GR,Greece,0.9948,0.0013,87,🇬🇷,2000,11082.104,78.1623
JO,Jordan,1.0031,0.0013,88,🇯🇴,2000,5122.493,115.297
AZ,Azerbaijan,1.0075,0.0013,89,🇦🇿,2000,8122.741,118.94
HN,Honduras,1.0157,0.0013,90,🇭🇳,2000,6574.509,90.862
SE,Sweden,1.0058,0.0013,91,🇸🇪,2000,8881.64,22.6939
PT,Portugal,0.9973,0.0013,92,🇵🇹,2000,10297.112,110.1159
AE,"United Arab Emirates",1.0091,0.0013,93,🇦🇪,2000,3134.062,120.5955
TJ,Tajikistan,1.0213,0.0013,94,🇹🇯,2000,6216.341,69.584
HU,Hungary,0.9971,0.0012,95,🇭🇺,2000,10220.507,103.262
BY,Belarus,0.9989,0.0012,96,🇧🇾,2000,9871.632,45.4374
PG,"Papua New Guinea",1.019,0.0012,97,🇵🇬,2000,5847.586,20.0764
AT,Austria,1.0026,0.0011,98,🇦🇹,2000,8069.276,108.103
IL,Israel,1.0151,0.0011,99,🇮🇱,2000,5945.95,429.6048
CH,Switzerland,1.0067,0.0011,100,🇨🇭,2000,7143.761,212.5191
TG,Togo,1.0239,0.0011,101,🇹🇬,2000,4924.402,152.872
RS,Serbia,0.9949,0.0011,102,🇷🇸,2000,9487.616,97.928
SL,"Sierra Leone",1.0203,0.001,103,🇸🇱,2000,4584.571,115.7853
HK,"Hong Kong",1.0068,0.001,104,🇭🇰,2000,6606.327,6887.952
LA,Laos,1.0138,0.0009,105,🇱🇦,2000,5323.7,31.5922
PY,Paraguay,1.0119,0.0009,106,🇵🇾,2000,5323.201,17.9614
LY,Libya,1.0118,0.0009,107,🇱🇾,2000,5357.891,4.0015
BG,Bulgaria,0.9925,0.0009,108,🇧🇬,2000,7997.957,61.7303
NI,Nicaragua,1.0114,0.0009,109,🇳🇮,2000,5069.302,51.9977
KG,Kyrgyzstan,1.0151,0.0008,110,🇰🇬,2000,4920.712,33.6496
LB,Lebanon,0.9875,0.0008,111,🇱🇧,2000,3842.778,639.5761
SV,"El Salvador",1.0049,0.0008,112,🇸🇻,2000,5887.936,311.3155
TM,Turkmenistan,1.0137,0.0008,113,🇹🇲,2000,4516.133,12.7063
SG,Singapore,1.0079,0.0007,114,🇸🇬,2000,4028.871,8371.1915
DK,Denmark,1.0037,0.0007,115,🇩🇰,2000,5341.194,135.4005
CG,"Republic of the Congo",1.0249,0.0007,116,🇨🇬,2000,3127.411,16.9526
FI,Finland,1.0012,0.0007,117,🇫🇮,2000,5187.954,16.4142
NO,Norway,1.0084,0.0007,118,🇳🇴,2000,4499.367,17.0208
SK,Slovakia,0.9999,0.0007,119,🇸🇰,2000,5399.211,111.3484
PS,Palestine,1.0235,0.0007,120,🇵🇸,2000,3224.003,859.4117
OM,Oman,1.0193,0.0007,121,🇴🇲,2000,2267.973,17.2019
LR,Liberia,1.0241,0.0007,122,🇱🇷,2000,2848.456,47.6355
CR,"Costa Rica",1.0084,0.0007,123,🇨🇷,2000,3962.372,101.4159
IE,Ireland,1.0075,0.0006,124,🇮🇪,2000,3783.103,71.4385
CF,"Central African Republic",1.0197,0.0006,125,🇨🇫,2000,3640.427,8.0527
MR,Mauritania,1.0266,0.0006,126,🇲🇷,2000,2630.219,4.756
NZ,"New Zealand",1.0077,0.0006,127,🇳🇿,2000,3858.999,18.1102
PA,Panama,1.0149,0.0006,128,🇵🇦,2000,3030.328,58.965
KW,Kuwait,1.012,0.0006,129,🇰🇼,2000,2045.123,245.8371
HR,Croatia,0.9945,0.0005,130,🇭🇷,2000,4428.075,71.7264
MD,Moldova,0.9973,0.0005,131,🇲🇩,2000,4202.658,118.5715
GE,Georgia,0.9972,0.0005,132,🇬🇪,2000,4362.187,56.9403
ER,Eritrea,1.0169,0.0005,133,🇪🇷,2000,2292.416,31.1415
UY,Uruguay,1.0031,0.0004,134,🇺🇾,2000,3319.736,19.3114
MN,Mongolia,1.0147,0.0004,135,🇲🇳,2000,2397.418,2.1597
BA,"Bosnia and Herzegovina",0.9957,0.0004,136,🇧🇦,2000,3751.176,63.4521
JM,Jamaica,1.0039,0.0004,137,🇯🇲,2000,2654.701,271.5944
QA,Qatar,1.0169,0.0004,138,🇶🇦,2000,592.468,257.1996
AM,Armenia,1.0013,0.0004,139,🇦🇲,2000,3069.591,99.9215
AL,Albania,0.9977,0.0004,140,🇦🇱,2000,3129.243,99.7069
PR,"Puerto Rico",1.0006,0.0004,141,🇵🇷,2000,3668.96,319.0318
LT,Lithuania,0.9895,0.0003,142,🇱🇹,2000,3501.839,40.7612
NA,Namibia,1.018,0.0003,143,🇳🇦,2000,1794.571,3.1902
GM,Gambia,1.0288,0.0003,144,🇬🇲,2000,1317.703,239.3565
BW,Botswana,1.0183,0.0003,145,🇧🇼,2000,1643.334,4.1944
GA,Gabon,1.0231,0.0003,146,🇬🇦,2000,1228.36,8.7105
LS,Lesotho,1.0077,0.0003,147,🇱🇸,2000,2032.804,71.6751
MK,"North Macedonia",0.9993,0.0003,148,🇲🇰,2000,2034.819,80.9436
SI,Slovenia,0.9997,0.0003,149,🇸🇮,2000,1987.717,102.5025
GW,Guinea-Bissau,1.0238,0.0003,150,🇬🇼,2000,1201.301,57.1174
LV,Latvia,0.9903,0.0002,151,🇱🇻,2000,2384.164,28.6379
BH,Bahrain,1.0204,0.0002,152,🇧🇭,2000,664.611,2332.0039
GQ,"Equatorial Guinea",1.0323,0.0002,153,🇬🇶,2000,606.181,53.355
TT,"Trinidad and Tobago",1.0023,0.0002,154,🇹🇹,2000,1267.153,274.1881
TL,Timor-Leste,1.019,0.0002,155,🇹🇱,2000,884.366,92.0686
EE,Estonia,0.9975,0.0002,156,🇪🇪,2000,1399.112,29.2283
MU,Mauritius,1.001,0.0002,157,🇲🇺,2000,1185.145,624.8662
CY,Cyprus,1.0064,0.0002,158,🇨🇾,2000,943.29,132.2438
SZ,Eswatini,1.0106,0.0001,159,🇸🇿,2000,1005.435,68.2341
DJ,Djibouti,1.0139,0.0001,160,🇩🇯,2000,717.584,43.7973
FJ,Fiji,1.0073,0.0001,161,🇫🇯,2000,811.006,49.7738
RE,Reunion,1.0071,0.0001,162,🇷🇪,2000,736.71,361.6332
KM,Comoros,1.0213,0.0001,163,🇰🇲,2000,542.357,487.3357
GY,Guyana,1.0047,0.0001,164,🇬🇾,2000,746.715,3.6938
BT,Bhutan,1.0103,0.0001,165,🇧🇹,2000,591.021,20.5225
SB,"Solomon Islands",1.0244,0.0001,166,🇸🇧,2000,412.66,24.9571
MO,Macau,1.0138,0.0001,167,🇲🇴,2000,427.782,22249.6667
LU,Luxembourg,1.0119,0.0001,168,🇱🇺,2000,436.103,248.4033
ME,Montenegro,0.9998,0.0001,169,🇲🇪,2000,613.559,45.4641
EH,"Western Sahara",1.0233,0.0001,170,🇪🇭,2000,314.118,2.354
SR,Suriname,1.0085,0.0001,171,🇸🇷,2000,470.949,3.6432
CV,"Cape Verde",1.0103,0.0001,172,🇨🇻,2000,428.188,140.7582
MV,Maldives,0.9952,0.0001,173,🇲🇻,2000,279.398,1803.2833
BN,Brunei,1.0088,0.0001,174,🇧🇳,2000,333.165,77.2647
MT,Malta,1.0028,0.0001,175,🇲🇹,2000,393.645,1405.1677
BZ,Belize,1.018,0.0001,176,🇧🇿,2000,247.315,17.9478
BS,Bahamas,1.0091,0.0001,177,🇧🇸,2000,298.051,28.7252
GP,Guadeloupe,0.9994,0.0001,178,🇬🇵,2000,422.051,245.5737
MQ,Martinique,0.9982,0,179,🇲🇶,2000,387.004,331.6374
IS,Iceland,1.0059,0,180,🇮🇸,2000,280.435,3.3533
VU,Vanuatu,1.0234,0,181,🇻🇺,2000,184.972,26.4035
GF,"French Guiana",1.0252,0,182,🇬🇫,2000,163.165,3.761
NC,"New Caledonia",1.0094,0,183,🇳🇨,2000,217.269,15.6616
BB,Barbados,1.0011,0,184,🇧🇧,2000,271.515,669.8209
YT,Mayotte,1.0241,0,185,🇾🇹,2000,150.331,765.3984
PF,"French Polynesia",1.0058,0,186,🇵🇫,2000,240.686,68.1939
ST,"Sao Tome and Principe",1.0193,0,187,🇸🇹,2000,142.262,236.1815
WS,Samoa,1.0104,0,188,🇼🇸,2000,174.454,71.1608
LC,"Saint Lucia",1.0039,0,189,🇱🇨,2000,156.729,300.5081
GU,Guam,1.0079,0,190,🇬🇺,2000,155.329,312.4208
CW,Curacao,1.0044,0,191,🇨🇼,2000,132.14,372.8131
KI,Kiribati,1.0167,0,192,🇰🇮,2000,84.396,152.1813
FM,Micronesia,1.0106,0,193,🇫🇲,2000,107.402,167.3632
GD,Grenada,1.004,0,194,🇬🇩,2000,102.833,329.8692
VC,"Saint Vincent and the Grenadines",1.0026,0,195,🇻🇨,2000,107.784,286.7635
TO,Tonga,1.0093,0,196,🇹🇴,2000,97.973,144.2423
AW,Aruba,1.0038,0,197,🇦🇼,2000,90.853,597.8278
VI,"United States Virgin Islands",0.9976,0,198,🇻🇮,2000,108.722,299.6282
AG,"Antigua and Barbuda",1.0079,0,199,🇦🇬,2000,76.016,225.1335
SC,Seychelles,1.0052,0,200,🇸🇨,2000,80.996,219.969
IM,"Isle of Man",1.0038,0,201,🇮🇲,2000,76.941,149.8811
AD,Andorra,1.0014,0,202,🇦🇩,2000,65.39,165.5192
DM,Dominica,1.0025,0,203,🇩🇲,2000,69.65,96.3302
KY,"Cayman Islands",1.0117,0,204,🇰🇾,2000,42.303,254.8371
BM,Bermuda,0.9976,0,205,🇧🇲,2000,65.012,1147.0185
MH,"Marshall Islands",1.0075,0,206,🇲🇭,2000,50.753,331.8066
MP,"Northern Mariana Islands",1.0061,0,207,🇲🇵,2000,57.453,125.5797
GL,Greenland,1.0017,0,208,🇬🇱,2000,56.175,0.0263
AS,"American Samoa",0.9987,0,209,🇦🇸,2000,57.821,276.5327
KN,"Saint Kitts and Nevis",1.0061,0,210,🇰🇳,2000,44.074,206.4023
FO,"Faroe Islands",1.0038,0,211,🇫🇴,2000,46.735,35.3431
SX,"Sint Maarten",1.0128,0,212,🇸🇽,2000,32.564,1293.1176
MC,Monaco,1.0069,0,213,🇲🇨,2000,32.147,19891.5
TC,"Turks and Caicos Islands",1.013,0,214,🇹🇨,2000,20.164,41.9209
MF,"Saint Martin",1.0126,0,215,🇲🇫,2000,28.935,749.6226
LI,Liechtenstein,1.0036,0,216,🇱🇮,2000,33.184,239.9187
SM,"San Marino",1.002,0,217,🇸🇲,2000,27.462,558.7705
GI,Gibraltar,1.0002,0,218,🇬🇮,2000,31.077,5617.3333
VG,"British Virgin Islands",1.0058,0,219,🇻🇬,2000,20.311,202.6225
PW,Palau,1.0035,0,220,🇵🇼,2000,19.105,39.7233
CK,"Cook Islands",1.0003,0,221,🇨🇰,2000,17.93,74.4534
AI,Anguilla,1.0075,0,222,🇦🇮,2000,11.252,167.3626
TV,Tuvalu,1.0113,0,223,🇹🇻,2000,9.394,464.0769
WF,"Wallis and Futuna",0.9899,0,224,🇼🇫,2000,14.694,77.338
NR,Nauru,1.0025,0,225,🇳🇷,2000,10.337,519.1905
BL,"Saint Barthelemy",1.0038,0,226,🇧🇱,2000,7.427,473.5714
PM,"Saint Pierre and Miquelon",0.9988,0,227,🇵🇲,2000,6.294,23.7975
MS,Montserrat,0.9976,0,228,🇲🇸,2000,4.929,48.6765
FK,"Falkland Islands",1.0017,0,229,🇫🇰,2000,2.892,0.2907
NU,Niue,1.0019,0,230,🇳🇺,2000,1.899,6.2385
TK,Tokelau,1.0036,0,231,🇹🇰,2000,1.554,114.8333
VA,"Vatican City",0.9988,0,232,🇻🇦,2000,0.785,799
CN,China,1.0029,0.1821,1,🇨🇳,1990,1176883.674,149.2199
IN,India,1.0095,0.1768,2,🇮🇳,1990,873277.798,427.8611
US,"United States",1.0057,0.0421,3,🇺🇸,1990,252120.309,35.7217
ID,Indonesia,1.01,0.0351,4,🇮🇩,1990,181413.402,146.5605
PK,Pakistan,1.019,0.0289,5,🇵🇰,1990,107647.921,260.2176
NG,Nigeria,1.0253,0.0273,6,🇳🇬,1990,95212.45,234.6335
BR,Brazil,1.0064,0.0271,7,🇧🇷,1990,149003.223,25.2888
BD,Bangladesh,1.0095,0.0211,8,🇧🇩,1990,103171.956,1137.6682
RU,Russia,0.9993,0.0183,9,🇷🇺,1990,147531.561,8.5275
MX,Mexico,1.01,0.0165,10,🇲🇽,1990,83943.132,66.9744
JP,Japan,0.9963,0.0158,11,🇯🇵,1990,124505.24,332.2966
ET,Ethiopia,1.0249,0.0152,12,🇪🇹,1990,47887.865,109.4021
PH,Philippines,1.0132,0.0141,13,🇵🇭,1990,61895.16,328.6345
EG,Egypt,1.0182,0.0133,14,🇪🇬,1990,56134.475,105.8972
VN,Vietnam,1.008,0.0124,15,🇻🇳,1990,67988.862,298.7619
CD,"DR Congo",1.031,0.012,16,🇨🇩,1990,34612.023,40.6169
IR,Iran,1.0117,0.0108,17,🇮🇷,1990,56366.217,52.1921
TR,Turkey,1.0061,0.0108,18,🇹🇷,1990,53921.76,109.1962
DE,Germany,0.9998,0.0105,19,🇩🇪,1990,79053.984,234.893
TH,Thailand,1.0018,0.0088,20,🇹🇭,1990,56558.186,136.5727
GB,"United Kingdom",1.0043,0.0086,21,🇬🇧,1990,57134.391,282.0004
FR,France,1.0024,0.0082,22,🇫🇷,1990,56666.849,118.8782
TZ,Tanzania,1.0293,0.008,23,🇹🇿,1990,25203.845,66.9764
ZA,"South Africa",1.0119,0.0076,24,🇿🇦,1990,36800.509,49.7578
IT,Italy,0.9983,0.0076,25,🇮🇹,1990,57048.236,199.9853
KE,Kenya,1.0224,0.0071,26,🇰🇪,1990,23724.579,96.8615
MM,Myanmar,1.0077,0.0069,27,🇲🇲,1990,41335.199,81.6272
CO,Colombia,1.0048,0.0065,28,🇨🇴,1990,33102.575,45.1175
KR,"South Korea",1.0005,0.0065,29,🇰🇷,1990,42918.419,512.2233
UG,Uganda,1.0278,0.0061,30,🇺🇬,1990,17354.392,200.5086
ES,Spain,0.9994,0.0059,31,🇪🇸,1990,39202.525,92.3318
AR,Argentina,1.0089,0.0058,32,🇦🇷,1990,32618.651,16.5481
SD,Sudan,1.0241,0.0058,33,🇸🇩,1990,20147.59,24.3851
DZ,Algeria,1.0164,0.0057,34,🇩🇿,1990,25758.869,19.0408
UA,Ukraine,0.9937,0.0054,35,🇺🇦,1990,51463.105,71.5694
IQ,Iraq,1.0239,0.0053,36,🇮🇶,1990,17419.113,96.1974
AF,Afghanistan,1.0231,0.0051,37,🇦🇫,1990,12412.308,62.4847
CA,Canada,1.0084,0.0048,38,🇨🇦,1990,27541.319,3.8447
MA,Morocco,1.0115,0.0047,39,🇲🇦,1990,24807.462,84.588
PL,Poland,0.9985,0.0047,40,🇵🇱,1990,37960.193,120.6982
SA,"Saudi Arabia",1.0143,0.0045,41,🇸🇦,1990,16233.785,16.6745
AO,Angola,1.0322,0.0044,42,🇦🇴,1990,11848.386,28.096
UZ,Uzbekistan,1.0132,0.0043,43,🇺🇿,1990,20398.348,76.8486
PE,Peru,1.0097,0.0042,44,🇵🇪,1990,22071.433,26.209
MY,Malaysia,1.0124,0.0042,45,🇲🇾,1990,18029.824,100.3046
MZ,Mozambique,1.0288,0.0042,46,🇲🇿,1990,12987.292,41.2798
GH,Ghana,1.0209,0.0041,47,🇬🇭,1990,14773.277,135.8112
YE,Yemen,1.0218,0.0039,48,🇾🇪,1990,11709.993,59.009
NP,Nepal,1.0186,0.0038,49,🇳🇵,1990,18905.478,205.3633
VE,Venezuela,1.0196,0.0037,50,🇻🇪,1990,19632.665,31.9353
MG,Madagascar,1.0264,0.0037,51,🇲🇬,1990,11598.633,49.7036
CM,Cameroon,1.0252,0.0035,52,🇨🇲,1990,11780.088,58.7065
CI,"Ivory Coast",1.0255,0.0035,53,🇨🇮,1990,11924.877,86.0325
NE,Niger,1.0379,0.0033,54,🇳🇪,1990,8026.591,20.5869
AU,Australia,1.0109,0.0033,55,🇦🇺,1990,16960.597,3.3891
KP,"North Korea",1.004,0.0033,56,🇰🇵,1990,20293.054,215.6223
TW,Taiwan,1.0014,0.003,57,🇹🇼,1990,20478.52,660.0336
BF,"Burkina Faso",1.0282,0.0028,58,🇧🇫,1990,8811.034,80.9726
LK,"Sri Lanka",1.0037,0.0027,59,🇱🇰,1990,17325.773,328.8499
ML,Mali,1.0296,0.0027,60,🇲🇱,1990,8449.913,17.3149
MW,Malawi,1.0271,0.0025,61,🇲🇼,1990,9404.5,170.3254
ZM,Zambia,1.029,0.0024,62,🇿🇲,1990,8036.845,25.8702
SY,Syria,1.0596,0.0024,63,🇸🇾,1990,12446.171,104.5729
CL,Chile,1.002,0.0024,64,🇨🇱,1990,13274.623,25.4598
KZ,Kazakhstan,1.0111,0.0024,65,🇰🇿,1990,16383.887,7.048
RO,Romania,0.995,0.0024,66,🇷🇴,1990,23489.16,79.8324
GT,Guatemala,1.0183,0.0023,67,🇬🇹,1990,9263.813,170.6696
EC,Ecuador,1.0126,0.0023,68,🇪🇨,1990,10230.934,65.4288
SN,Senegal,1.0266,0.0022,69,🇸🇳,1990,7526.307,89.7392
TD,Chad,1.0295,0.0022,70,🇹🇩,1990,5963.252,13.562
NL,Netherlands,1.0022,0.0022,71,🇳🇱,1990,14965.448,411.2652
KH,Cambodia,1.0131,0.0022,72,🇰🇭,1990,8975.597,94.836
SO,Somalia,1.0295,0.0021,73,🇸🇴,1990,7225.092,26.412
ZW,Zimbabwe,1.0159,0.0019,74,🇿🇼,1990,10432.421,39.2352
GN,Guinea,1.0273,0.0017,75,🇬🇳,1990,6352.283,56.3974
RW,Rwanda,1.0244,0.0017,76,🇷🇼,1990,7288.882,516.3818
BJ,Benin,1.0268,0.0016,77,🇧🇯,1990,4978.496,113.5189
BI,Burundi,1.0301,0.0016,78,🇧🇮,1990,5438.957,453.5762
TN,Tunisia,1.0093,0.0015,79,🇹🇳,1990,8242.496,73.6303
BO,Bolivia,1.0135,0.0015,80,🇧🇴,1990,6864.842,10.9165
HT,Haiti,1.012,0.0015,81,🇭🇹,1990,7037.917,420.9111
BE,Belgium,1.0031,0.0015,82,🇧🇪,1990,10006.544,382.2156
SS,"South Sudan",1.0208,0.0015,83,🇸🇸,1990,5492.623,18.7472
CU,Cuba,0.999,0.0014,84,🇨🇺,1990,10596.987,102.8872
DO,"Dominican Republic",1.0094,0.0014,85,🇩🇴,1990,7133.494,227.1655
CZ,"Czech Republic",1.0011,0.0013,86,🇨🇿,1990,10340.875,136.1413
GR,Greece,0.9948,0.0013,87,🇬🇷,1990,10225.992,78.1623
JO,Jordan,1.0031,0.0013,88,🇯🇴,1990,3565.89,115.297
AZ,Azerbaijan,1.0075,0.0013,89,🇦🇿,1990,7242.761,118.94
HN,Honduras,1.0157,0.0013,90,🇭🇳,1990,4955.303,90.862
SE,Sweden,1.0058,0.0013,91,🇸🇪,1990,8567.384,22.6939
PT,Portugal,0.9973,0.0013,92,🇵🇹,1990,9895.364,110.1159
AE,"United Arab Emirates",1.0091,0.0013,93,🇦🇪,1990,1828.432,120.5955
TJ,Tajikistan,1.0213,0.0013,94,🇹🇯,1990,5283.814,69.584
HU,Hungary,0.9971,0.0012,95,🇭🇺,1990,10377.137,103.262
BY,Belarus,0.9989,0.0012,96,🇧🇾,1990,10151.134,45.4374
PG,"Papua New Guinea",1.019,0.0012,97,🇵🇬,1990,4615.839,20.0764
AT,Austria,1.0026,0.0011,98,🇦🇹,1990,7723.949,108.103
IL,Israel,1.0151,0.0011,99,🇮🇱,1990,4448.353,429.6048
CH,Switzerland,1.0067,0.0011,100,🇨🇭,1990,6652.868,212.5191
TG,Togo,1.0239,0.0011,101,🇹🇬,1990,3774.312,152.872
RS,Serbia,0.9949,0.0011,102,🇷🇸,1990,9517.675,97.928
SL,"Sierra Leone",1.0203,0.001,103,🇸🇱,1990,4319.762,115.7853
HK,"Hong Kong",1.0068,0.001,104,🇭🇰,1990,5727.938,6887.952
LA,Laos,1.0138,0.0009,105,🇱🇦,1990,4258.472,31.5922
PY,Paraguay,1.0119,0.0009,106,🇵🇾,1990,4223.415,17.9614
LY,Libya,1.0118,0.0009,107,🇱🇾,1990,4436.661,4.0015
BG,Bulgaria,0.9925,0.0009,108,🇧🇬,1990,8841.458,61.7303
NI,Nicaragua,1.0114,0.0009,109,🇳🇮,1990,4173.434,51.9977
KG,Kyrgyzstan,1.0151,0.0008,110,🇰🇬,1990,4372.885,33.6496
LB,Lebanon,0.9875,0.0008,111,🇱🇧,1990,2803.044,639.5761
SV,"El Salvador",1.0049,0.0008,112,🇸🇻,1990,5270.079,311.3155
TM,Turkmenistan,1.0137,0.0008,113,🇹🇲,1990,3683.967,12.7063
SG,Singapore,1.0079,0.0007,114,🇸🇬,1990,3012.966,8371.1915
DK,Denmark,1.0037,0.0007,115,🇩🇰,1990,5141.115,135.4005
CG,"Republic of the Congo",1.0249,0.0007,116,🇨🇬,1990,2356.737,16.9526
FI,Finland,1.0012,0.0007,117,🇫🇮,1990,4996.222,16.4142
NO,Norway,1.0084,0.0007,118,🇳🇴,1990,4247.285,17.0208
SK,Slovakia,0.9999,0.0007,119,🇸🇰,1990,5288.454,111.3484
PS,Palestine,1.0235,0.0007,120,🇵🇸,1990,2101.446,859.4117
OM,Oman,1.0193,0.0007,121,🇴🇲,1990,1812.161,17.2019
LR,Liberia,1.0241,0.0007,122,🇱🇷,1990,2075.912,47.6355
CR,"Costa Rica",1.0084,0.0007,123,🇨🇷,1990,3119.433,101.4159
IE,Ireland,1.0075,0.0006,124,🇮🇪,1990,3510.885,71.4385
CF,"Central African Republic",1.0197,0.0006,125,🇨🇫,1990,2806.734,8.0527
MR,Mauritania,1.0266,0.0006,126,🇲🇷,1990,2034.346,4.756
NZ,"New Zealand",1.0077,0.0006,127,🇳🇿,1990,3398.172,18.1102
PA,Panama,1.0149,0.0006,128,🇵🇦,1990,2470.947,58.965
KW,Kuwait,1.012,0.0006,129,🇰🇼,1990,2095.344,245.8371
HR,Croatia,0.9945,0.0005,130,🇭🇷,1990,4776.374,71.7264
MD,Moldova,0.9973,0.0005,131,🇲🇩,1990,4365.564,118.5715
GE,Georgia,0.9972,0.0005,132,🇬🇪,1990,5410.399,56.9403
ER,Eritrea,1.0169,0.0005,133,🇪🇷,1990,2258.653,31.1415
UY,Uruguay,1.0031,0.0004,134,🇺🇾,1990,3109.601,19.3114
MN,Mongolia,1.0147,0.0004,135,🇲🇳,1990,2184.145,2.1597
BA,"Bosnia and Herzegovina",0.9957,0.0004,136,🇧🇦,1990,4463.423,63.4521
JM,Jamaica,1.0039,0.0004,137,🇯🇲,1990,2419.906,271.5944
QA,Qatar,1.0169,0.0004,138,🇶🇦,1990,476.278,257.1996
AM,Armenia,1.0013,0.0004,139,🇦🇲,1990,3538.171,99.9215
AL,Albania,0.9977,0.0004,140,🇦🇱,1990,3286.073,99.7069
PR,"Puerto Rico",1.0006,0.0004,141,🇵🇷,1990,3403.154,319.0318
LT,Lithuania,0.9895,0.0003,142,🇱🇹,1990,3696.035,40.7612
NA,Namibia,1.018,0.0003,143,🇳🇦,1990,1432.905,3.1902
GM,Gambia,1.0288,0.0003,144,🇬🇲,1990,955.593,239.3565
BW,Botswana,1.0183,0.0003,145,🇧🇼,1990,1286.756,4.1944
GA,Gabon,1.0231,0.0003,146,🇬🇦,1990,949.488,8.7105
LS,Lesotho,1.0077,0.0003,147,🇱🇸,1990,1703.747,71.6751
MK,"North Macedonia",0.9993,0.0003,148,🇲🇰,1990,1996.228,80.9436
SI,Slovenia,0.9997,0.0003,149,🇸🇮,1990,2006.405,102.5025
GW,Guinea-Bissau,1.0238,0.0003,150,🇬🇼,1990,975.261,57.1174
LV,Latvia,0.9903,0.0002,151,🇱🇻,1990,2664.439,28.6379
BH,Bahrain,1.0204,0.0002,152,🇧🇭,1990,495.931,2332.0039
GQ,"Equatorial Guinea",1.0323,0.0002,153,🇬🇶,1990,419.188,53.355
TT,"Trinidad and Tobago",1.0023,0.0002,154,🇹🇹,1990,1221.116,274.1881
TL,Timor-Leste,1.019,0.0002,155,🇹🇱,1990,737.814,92.0686
EE,Estonia,0.9975,0.0002,156,🇪🇪,1990,1565.246,29.2283
MU,Mauritius,1.001,0.0002,157,🇲🇺,1990,1055.868,624.8662
CY,Cyprus,1.0064,0.0002,158,🇨🇾,1990,766.615,132.2438
SZ,Eswatini,1.0106,0.0001,159,🇸🇿,1990,822.42,68.2341
DJ,Djibouti,1.0139,0.0001,160,🇩🇯,1990,590.398,43.7973
FJ,Fiji,1.0073,0.0001,161,🇫🇯,1990,728.573,49.7738
RE,Reunion,1.0071,0.0001,162,🇷🇪,1990,610.582,361.6332
KM,Comoros,1.0213,0.0001,163,🇰🇲,1990,411.594,487.3357
GY,Guyana,1.0047,0.0001,164,🇬🇾,1990,743.309,3.6938
BT,Bhutan,1.0103,0.0001,165,🇧🇹,1990,530.804,20.5225
SB,"Solomon Islands",1.0244,0.0001,166,🇸🇧,1990,311.866,24.9571
MO,Macau,1.0138,0.0001,167,🇲🇴,1990,343.808,22249.6667
LU,Luxembourg,1.0119,0.0001,168,🇱🇺,1990,381.791,248.4033
ME,Montenegro,0.9998,0.0001,169,🇲🇪,1990,615.002,45.4641
EH,"Western Sahara",1.0233,0.0001,170,🇪🇭,1990,217.258,2.354
SR,Suriname,1.0085,0.0001,171,🇸🇷,1990,405.168,3.6432
CV,"Cape Verde",1.0103,0.0001,172,🇨🇻,1990,337.95,140.7582
MV,Maldives,0.9952,0.0001,173,🇲🇻,1990,223.158,1803.2833
BN,Brunei,1.0088,0.0001,174,🇧🇳,1990,258.721,77.2647
MT,Malta,1.0028,0.0001,175,🇲🇹,1990,362.015,1405.1677
BZ,Belize,1.018,0.0001,176,🇧🇿,1990,187.552,17.9478
BS,Bahamas,1.0091,0.0001,177,🇧🇸,1990,256.223,28.7252
GP,Guadeloupe,0.9994,0.0001,178,🇬🇵,1990,389.249,245.5737
MQ,Martinique,0.9982,0,179,🇲🇶,1990,358.449,331.6374
IS,Iceland,1.0059,0,180,🇮🇸,1990,255.043,3.3533
VU,Vanuatu,1.0234,0,181,🇻🇺,1990,146.573,26.4035
GF,"French Guiana",1.0252,0,182,🇬🇫,1990,115.784,3.761
NC,"New Caledonia",1.0094,0,183,🇳🇨,1990,170.336,15.6616
BB,Barbados,1.0011,0,184,🇧🇧,1990,260.936,669.8209
YT,Mayotte,1.0241,0,185,🇾🇹,1990,94.784,765.3984
PF,"French Polynesia",1.0058,0,186,🇵🇫,1990,199.905,68.1939
ST,"Sao Tome and Principe",1.0193,0,187,🇸🇹,1990,119.209,236.1815
WS,Samoa,1.0104,0,188,🇼🇸,1990,162.803,71.1608
LC,"Saint Lucia",1.0039,0,189,🇱🇨,1990,138.02,300.5081
GU,Guam,1.0079,0,190,🇬🇺,1990,130.482,312.4208
CW,Curacao,1.0044,0,191,🇨🇼,1990,146.67,372.8131
KI,Kiribati,1.0167,0,192,🇰🇮,1990,72.4,152.1813
FM,Micronesia,1.0106,0,193,🇫🇲,1990,96.301,167.3632
GD,Grenada,1.004,0,194,🇬🇩,1990,96.331,329.8692
VC,"Saint Vincent and the Grenadines",1.0026,0,195,🇻🇨,1990,107.484,286.7635
TO,Tonga,1.0093,0,196,🇹🇴,1990,95.069,144.2423
AW,Aruba,1.0038,0,197,🇦🇼,1990,62.149,597.8278
VI,"United States Virgin Islands",0.9976,0,198,🇻🇮,1990,103.756,299.6282
AG,"Antigua and Barbuda",1.0079,0,199,🇦🇬,1990,62.528,225.1335
SC,Seychelles,1.0052,0,200,🇸🇨,1990,70.57,219.969
IM,"Isle of Man",1.0038,0,201,🇮🇲,1990,70.298,149.8811
AD,Andorra,1.0014,0,202,🇦🇩,1990,54.509,165.5192
DM,Dominica,1.0025,0,203,🇩🇲,1990,70.419,96.3302
KY,"Cayman Islands",1.0117,0,204,🇰🇾,1990,25.312,254.8371
BM,Bermuda,0.9976,0,205,🇧🇲,1990,61.634,1147.0185
MH,"Marshall Islands",1.0075,0,206,🇲🇭,1990,47.271,331.8066
MP,"Northern Mariana Islands",1.0061,0,207,🇲🇵,1990,45.752,125.5797
GL,Greenland,1.0017,0,208,🇬🇱,1990,55.604,0.0263
AS,"American Samoa",0.9987,0,209,🇦🇸,1990,47.347,276.5327
KN,"Saint Kitts and Nevis",1.0061,0,210,🇰🇳,1990,40.259,206.4023
FO,"Faroe Islands",1.0038,0,211,🇫🇴,1990,47.274,35.3431
SX,"Sint Maarten",1.0128,0,212,🇸🇽,1990,28.812,1293.1176
MC,Monaco,1.0069,0,213,🇲🇨,1990,29.438,19891.5
TC,"Turks and Caicos Islands",1.013,0,214,🇹🇨,1990,12.111,41.9209
MF,"Saint Martin",1.0126,0,215,🇲🇫,1990,31.52,749.6226
LI,Liechtenstein,1.0036,0,216,🇱🇮,1990,28.789,239.9187
SM,"San Marino",1.002,0,217,🇸🇲,1990,24.125,558.7705
GI,Gibraltar,1.0002,0,218,🇬🇮,1990,29.147,5617.3333
VG,"British Virgin Islands",1.0058,0,219,🇻🇬,1990,17.489,202.6225
PW,Palau,1.0035,0,220,🇵🇼,1990,15.058,39.7233
CK,"Cook Islands",1.0003,0,221,🇨🇰,1990,18.191,74.4534
AI,Anguilla,1.0075,0,222,🇦🇮,1990,8.899,167.3626
TV,Tuvalu,1.0113,0,223,🇹🇻,1990,8.913,464.0769
WF,"Wallis and Futuna",0.9899,0,224,🇼🇫,1990,13.8,77.338
NR,Nauru,1.0025,0,225,🇳🇷,1990,9.505,519.1905
BL,"Saint Barthelemy",1.0038,0,226,🇧🇱,1990,5.339,473.5714
PM,"Saint Pierre and Miquelon",0.9988,0,227,🇵🇲,1990,6.393,23.7975
MS,Montserrat,0.9976,0,228,🇲🇸,1990,10.615,48.6765
FK,"Falkland Islands",1.0017,0,229,🇫🇰,1990,1.982,0.2907
NU,Niue,1.0019,0,230,🇳🇺,1990,2.329,6.2385
TK,Tokelau,1.0036,0,231,🇹🇰,1990,1.608,114.8333
VA,"Vatican City",0.9988,0,232,🇻🇦,1990,0.768,799
CN,China,1.0029,0.1821,1,🇨🇳,1980,1000089.235,149.2199
IN,India,1.0095,0.1768,2,🇮🇳,1980,698952.844,427.8611
US,"United States",1.0057,0.0421,3,🇺🇸,1980,229476.354,35.7217
ID,Indonesia,1.01,0.0351,4,🇮🇩,1980,147447.836,146.5605
PK,Pakistan,1.019,0.0289,5,🇵🇰,1980,78054.343,260.2176
NG,Nigeria,1.0253,0.0273,6,🇳🇬,1980,73423.633,234.6335
BR,Brazil,1.0064,0.0271,7,🇧🇷,1980,120694.009,25.2888
BD,Bangladesh,1.0095,0.0211,8,🇧🇩,1980,79639.491,1137.6682
RU,Russia,0.9993,0.0183,9,🇷🇺,1980,138053.15,8.5275
MX,Mexico,1.01,0.0165,10,🇲🇽,1980,67761.372,66.9744
JP,Japan,0.9963,0.0158,11,🇯🇵,1980,117816.94,332.2966
ET,Ethiopia,1.0249,0.0152,12,🇪🇹,1980,35141.712,109.4021
PH,Philippines,1.0132,0.0141,13,🇵🇭,1980,47357.743,328.6345
EG,Egypt,1.0182,0.0133,14,🇪🇬,1980,43309.063,105.8972
VN,Vietnam,1.008,0.0124,15,🇻🇳,1980,54281.846,298.7619
CD,"DR Congo",1.031,0.012,16,🇨🇩,1980,26358.908,40.6169
IR,Iran,1.0117,0.0108,17,🇮🇷,1980,38650.246,52.1921
TR,Turkey,1.0061,0.0108,18,🇹🇷,1980,43975.971,109.1962
DE,Germany,0.9998,0.0105,19,🇩🇪,1980,78283.1,234.893
TH,Thailand,1.0018,0.0088,20,🇹🇭,1980,47374.472,136.5727
GB,"United Kingdom",1.0043,0.0086,21,🇬🇧,1980,56209.171,282.0004
FR,France,1.0024,0.0082,22,🇫🇷,1980,53868.009,118.8782
TZ,Tanzania,1.0293,0.008,23,🇹🇿,1980,18538.259,66.9764
ZA,"South Africa",1.0119,0.0076,24,🇿🇦,1980,28556.769,49.7578
IT,Italy,0.9983,0.0076,25,🇮🇹,1980,56349.349,199.9853
KE,Kenya,1.0224,0.0071,26,🇰🇪,1980,16417.197,96.8615
MM,Myanmar,1.0077,0.0069,27,🇲🇲,1980,34224.313,81.6272
CO,Colombia,1.0048,0.0065,28,🇨🇴,1980,26900.506,45.1175
KR,"South Korea",1.0005,0.0065,29,🇰🇷,1980,38045.607,512.2233
UG,Uganda,1.0278,0.0061,30,🇺🇬,1980,12442.334,200.5086
ES,Spain,0.9994,0.0059,31,🇪🇸,1980,37698.196,92.3318
AR,Argentina,1.0089,0.0058,32,🇦🇷,1980,27896.528,16.5481
SD,Sudan,1.0241,0.0058,33,🇸🇩,1980,14507.468,24.3851
DZ,Algeria,1.0164,0.0057,34,🇩🇿,1980,19221.665,19.0408
UA,Ukraine,0.9937,0.0054,35,🇺🇦,1980,49965.874,71.5694
IQ,Iraq,1.0239,0.0053,36,🇮🇶,1980,13653.354,96.1974
AF,Afghanistan,1.0231,0.0051,37,🇦🇫,1980,13356.511,62.4847
CA,Canada,1.0084,0.0048,38,🇨🇦,1980,24416.886,3.8447
MA,Morocco,1.0115,0.0047,39,🇲🇦,1980,19990.012,84.588
PL,Poland,0.9985,0.0047,40,🇵🇱,1980,35539.72,120.6982
SA,"Saudi Arabia",1.0143,0.0045,41,🇸🇦,1980,9691.476,16.6745
AO,Angola,1.0322,0.0044,42,🇦🇴,1980,8341.289,28.096
UZ,Uzbekistan,1.0132,0.0043,43,🇺🇿,1980,15898.757,76.8486
PE,Peru,1.0097,0.0042,44,🇵🇪,1980,17547.61,26.209
MY,Malaysia,1.0124,0.0042,45,🇲🇾,1980,13798.085,100.3046
MZ,Mozambique,1.0288,0.0042,46,🇲🇿,1980,11630.194,41.2798
GH,Ghana,1.0209,0.0041,47,🇬🇭,1980,11056.116,135.8112
YE,Yemen,1.0218,0.0039,48,🇾🇪,1980,7941.898,59.009
NP,Nepal,1.0186,0.0038,49,🇳🇵,1980,15016.402,205.3633
VE,Venezuela,1.0196,0.0037,50,🇻🇪,1980,15182.611,31.9353
MG,Madagascar,1.0264,0.0037,51,🇲🇬,1980,8716.553,49.7036
CM,Cameroon,1.0252,0.0035,52,🇨🇲,1980,8621.406,58.7065
CI,"Ivory Coast",1.0255,0.0035,53,🇨🇮,1980,8033.65,86.0325
NE,Niger,1.0379,0.0033,54,🇳🇪,1980,5989.004,20.5869
AU,Australia,1.0109,0.0033,55,🇦🇺,1980,14588.405,3.3891
KP,"North Korea",1.004,0.0033,56,🇰🇵,1980,17472.14,215.6223
TW,Taiwan,1.0014,0.003,57,🇹🇼,1980,17905.458,660.0336
BF,"Burkina Faso",1.0282,0.0028,58,🇧🇫,1980,6822.843,80.9726
LK,"Sri Lanka",1.0037,0.0027,59,🇱🇰,1980,15035.834,328.8499
ML,Mali,1.0296,0.0027,60,🇲🇱,1980,7090.126,17.3149
MW,Malawi,1.0271,0.0025,61,🇲🇼,1980,6250.44,170.3254
ZM,Zambia,1.029,0.0024,62,🇿🇲,1980,5851.825,25.8702
SY,Syria,1.0596,0.0024,63,🇸🇾,1980,8930.774,104.5729
CL,Chile,1.002,0.0024,64,🇨🇱,1980,11419.348,25.4598
KZ,Kazakhstan,1.0111,0.0024,65,🇰🇿,1980,14796.174,7.048
RO,Romania,0.995,0.0024,66,🇷🇴,1980,22615.639,79.8324
GT,Guatemala,1.0183,0.0023,67,🇬🇹,1980,7283.459,170.6696
EC,Ecuador,1.0126,0.0023,68,🇪🇨,1980,7989.186,65.4288
SN,Senegal,1.0266,0.0022,69,🇸🇳,1980,5583.165,89.7392
TD,Chad,1.0295,0.0022,70,🇹🇩,1980,4514.43,13.562
NL,Netherlands,1.0022,0.0022,71,🇳🇱,1980,14148.415,411.2652
KH,Cambodia,1.0131,0.0022,72,🇰🇭,1980,6693.764,94.836
SO,Somalia,1.0295,0.0021,73,🇸🇴,1980,6281.134,26.412
ZW,Zimbabwe,1.0159,0.0019,74,🇿🇼,1980,7408.624,39.2352
GN,Guinea,1.0273,0.0017,75,🇬🇳,1980,4871.435,56.3974
RW,Rwanda,1.0244,0.0017,76,🇷🇼,1980,5153.312,516.3818
BJ,Benin,1.0268,0.0016,77,🇧🇯,1980,3717.165,113.5189
BI,Burundi,1.0301,0.0016,78,🇧🇮,1980,4157.298,453.5762
TN,Tunisia,1.0093,0.0015,79,🇹🇳,1980,6374.039,73.6303
BO,Bolivia,1.0135,0.0015,80,🇧🇴,1980,5579.935,10.9165
HT,Haiti,1.012,0.0015,81,🇭🇹,1980,5643.173,420.9111
BE,Belgium,1.0031,0.0015,82,🇧🇪,1980,9868.995,382.2156
SS,"South Sudan",1.0208,0.0015,83,🇸🇸,1980,4502.604,18.7472
CU,Cuba,0.999,0.0014,84,🇨🇺,1980,9849.459,102.8872
DO,"Dominican Republic",1.0094,0.0014,85,🇩🇴,1980,5803.927,227.1655
CZ,"Czech Republic",1.0011,0.0013,86,🇨🇿,1980,10349.083,136.1413
GR,Greece,0.9948,0.0013,87,🇬🇷,1980,9627.002,78.1623
JO,Jordan,1.0031,0.0013,88,🇯🇴,1980,2377.995,115.297
AZ,Azerbaijan,1.0075,0.0013,89,🇦🇿,1980,6150.733,118.94
HN,Honduras,1.0157,0.0013,90,🇭🇳,1980,3678.279,90.862
SE,Sweden,1.0058,0.0013,91,🇸🇪,1980,8316.338,22.6939
PT,Portugal,0.9973,0.0013,92,🇵🇹,1980,9750.964,110.1159
AE,"United Arab Emirates",1.0091,0.0013,93,🇦🇪,1980,1019.509,120.5955
TJ,Tajikistan,1.0213,0.0013,94,🇹🇯,1980,3905.446,69.584
HU,Hungary,0.9971,0.0012,95,🇭🇺,1980,10754.286,103.262
BY,Belarus,0.9989,0.0012,96,🇧🇾,1980,9569.847,45.4374
PG,"Papua New Guinea",1.019,0.0012,97,🇵🇬,1980,3571.205,20.0764
AT,Austria,1.0026,0.0011,98,🇦🇹,1980,7609.752,108.103
IL,Israel,1.0151,0.0011,99,🇮🇱,1980,3700.919,429.6048
CH,Switzerland,1.0067,0.0011,100,🇨🇭,1980,6283.832,212.5191
TG,Togo,1.0239,0.0011,101,🇹🇬,1980,2720.839,152.872
RS,Serbia,0.9949,0.0011,102,🇷🇸,1980,8908.294,97.928
SL,"Sierra Leone",1.0203,0.001,103,🇸🇱,1980,3388.495,115.7853
HK,"Hong Kong",1.0068,0.001,104,🇭🇰,1980,4868.742,6887.952
LA,Laos,1.0138,0.0009,105,🇱🇦,1980,3258.144,31.5922
PY,Paraguay,1.0119,0.0009,106,🇵🇾,1980,3181.625,17.9614
LY,Libya,1.0118,0.0009,107,🇱🇾,1980,3219.466,4.0015
BG,Bulgaria,0.9925,0.0009,108,🇧🇬,1980,8878.791,61.7303
NI,Nicaragua,1.0114,0.0009,109,🇳🇮,1980,3265.519,51.9977
KG,Kyrgyzstan,1.0151,0.0008,110,🇰🇬,1980,3610.97,33.6496
LB,Lebanon,0.9875,0.0008,111,🇱🇧,1980,2588.929,639.5761
SV,"El Salvador",1.0049,0.0008,112,🇸🇻,1980,4591.134,311.3155
TM,Turkmenistan,1.0137,0.0008,113,🇹🇲,1980,2876.808,12.7063
SG,Singapore,1.0079,0.0007,114,🇸🇬,1980,2411.688,8371.1915
DK,Denmark,1.0037,0.0007,115,🇩🇰,1980,5123.945,135.4005
CG,"Republic of the Congo",1.0249,0.0007,116,🇨🇬,1980,1777.934,16.9526
FI,Finland,1.0012,0.0007,117,🇫🇮,1980,4788.243,16.4142
NO,Norway,1.0084,0.0007,118,🇳🇴,1980,4086.076,17.0208
SK,Slovakia,0.9999,0.0007,119,🇸🇰,1980,4996.731,111.3484
PS,Palestine,1.0235,0.0007,120,🇵🇸,1980,1510.713,859.4117
OM,Oman,1.0193,0.0007,121,🇴🇲,1980,1154.377,17.2019
LR,Liberia,1.0241,0.0007,122,🇱🇷,1980,1853.001,47.6355
CR,"Costa Rica",1.0084,0.0007,123,🇨🇷,1980,2389.977,101.4159
IE,Ireland,1.0075,0.0006,124,🇮🇪,1980,3384.756,71.4385
CF,"Central African Republic",1.0197,0.0006,125,🇨🇫,1980,2199.356,8.0527
MR,Mauritania,1.0266,0.0006,126,🇲🇷,1980,1540.64,4.756
NZ,"New Zealand",1.0077,0.0006,127,🇳🇿,1980,3146.619,18.1102
PA,Panama,1.0149,0.0006,128,🇵🇦,1980,1978.487,58.965
KW,Kuwait,1.012,0.0006,129,🇰🇼,1980,1368.677,245.8371
HR,Croatia,0.9945,0.0005,130,🇭🇷,1980,4598.13,71.7264
MD,Moldova,0.9973,0.0005,131,🇲🇩,1980,4011.076,118.5715
GE,Georgia,0.9972,0.0005,132,🇬🇪,1980,5017.833,56.9403
ER,Eritrea,1.0169,0.0005,133,🇪🇷,1980,1733.416,31.1415
UY,Uruguay,1.0031,0.0004,134,🇺🇾,1980,2915.389,19.3114
MN,Mongolia,1.0147,0.0004,135,🇲🇳,1980,1689.622,2.1597
BA,"Bosnia and Herzegovina",0.9957,0.0004,136,🇧🇦,1980,4179.855,63.4521
JM,Jamaica,1.0039,0.0004,137,🇯🇲,1980,2162.846,271.5944
QA,Qatar,1.0169,0.0004,138,🇶🇦,1980,223.632,257.1996
AM,Armenia,1.0013,0.0004,139,🇦🇲,1980,3099.754,99.9215
AL,Albania,0.9977,0.0004,140,🇦🇱,1980,2682.69,99.7069
PR,"Puerto Rico",1.0006,0.0004,141,🇵🇷,1980,3090.691,319.0318
LT,Lithuania,0.9895,0.0003,142,🇱🇹,1980,3430.76,40.7612
NA,Namibia,1.018,0.0003,143,🇳🇦,1980,1057.727,3.1902
GM,Gambia,1.0288,0.0003,144,🇬🇲,1980,637.246,239.3565
BW,Botswana,1.0183,0.0003,145,🇧🇼,1980,897.868,4.1944
GA,Gabon,1.0231,0.0003,146,🇬🇦,1980,726.328,8.7105
LS,Lesotho,1.0077,0.0003,147,🇱🇸,1980,1340.255,71.6751
MK,"North Macedonia",0.9993,0.0003,148,🇲🇰,1980,1924.197,80.9436
SI,Slovenia,0.9997,0.0003,149,🇸🇮,1980,1835.831,102.5025
GW,Guinea-Bissau,1.0238,0.0003,150,🇬🇼,1980,781.677,57.1174
LV,Latvia,0.9903,0.0002,151,🇱🇻,1980,2521.391,28.6379
BH,Bahrain,1.0204,0.0002,152,🇧🇭,1980,359.888,2332.0039
GQ,"Equatorial Guinea",1.0323,0.0002,153,🇬🇶,1980,249.929,53.355
TT,"Trinidad and Tobago",1.0023,0.0002,154,🇹🇹,1980,1084.744,274.1881
TL,Timor-Leste,1.019,0.0002,155,🇹🇱,1980,599.905,92.0686
EE,Estonia,0.9975,0.0002,156,🇪🇪,1980,1474.439,29.2283
MU,Mauritius,1.001,0.0002,157,🇲🇺,1980,966.031,624.8662
CY,Cyprus,1.0064,0.0002,158,🇨🇾,1980,685.405,132.2438
SZ,Eswatini,1.0106,0.0001,159,🇸🇿,1980,587.858,68.2341
DJ,Djibouti,1.0139,0.0001,160,🇩🇯,1980,358.96,43.7973
FJ,Fiji,1.0073,0.0001,161,🇫🇯,1980,635.307,49.7738
RE,Reunion,1.0071,0.0001,162,🇷🇪,1980,509.265,361.6332
KM,Comoros,1.0213,0.0001,163,🇰🇲,1980,307.829,487.3357
GY,Guyana,1.0047,0.0001,164,🇬🇾,1980,780.153,3.6938
BT,Bhutan,1.0103,0.0001,165,🇧🇹,1980,406.875,20.5225
SB,"Solomon Islands",1.0244,0.0001,166,🇸🇧,1980,230.546,24.9571
MO,Macau,1.0138,0.0001,167,🇲🇴,1980,238.071,22249.6667
LU,Luxembourg,1.0119,0.0001,168,🇱🇺,1980,364.038,248.4033
ME,Montenegro,0.9998,0.0001,169,🇲🇪,1980,580.754,45.4641
EH,"Western Sahara",1.0233,0.0001,170,🇪🇭,1980,150.877,2.354
SR,Suriname,1.0085,0.0001,171,🇸🇷,1980,359.519,3.6432
CV,"Cape Verde",1.0103,0.0001,172,🇨🇻,1980,283.847,140.7582
MV,Maldives,0.9952,0.0001,173,🇲🇻,1980,158.272,1803.2833
BN,Brunei,1.0088,0.0001,174,🇧🇳,1980,193.879,77.2647
MT,Malta,1.0028,0.0001,175,🇲🇹,1980,331.497,1405.1677
BZ,Belize,1.018,0.0001,176,🇧🇿,1980,144.155,17.9478
BS,Bahamas,1.0091,0.0001,177,🇧🇸,1980,210.591,28.7252
GP,Guadeloupe,0.9994,0.0001,178,🇬🇵,1980,336.685,245.5737
MQ,Martinique,0.9982,0,179,🇲🇶,1980,325.454,331.6374
IS,Iceland,1.0059,0,180,🇮🇸,1980,228.262,3.3533
VU,Vanuatu,1.0234,0,181,🇻🇺,1980,115.597,26.4035
GF,"French Guiana",1.0252,0,182,🇬🇫,1980,66.977,3.761
NC,"New Caledonia",1.0094,0,183,🇳🇨,1980,145.144,15.6616
BB,Barbados,1.0011,0,184,🇧🇧,1980,252.394,669.8209
YT,Mayotte,1.0241,0,185,🇾🇹,1980,55.137,765.3984
PF,"French Polynesia",1.0058,0,186,🇵🇫,1980,153.301,68.1939
ST,"Sao Tome and Principe",1.0193,0,187,🇸🇹,1980,95.794,236.1815
WS,Samoa,1.0104,0,188,🇼🇸,1980,155.525,71.1608
LC,"Saint Lucia",1.0039,0,189,🇱🇨,1980,117.822,300.5081
GU,Guam,1.0079,0,190,🇬🇺,1980,104.133,312.4208
CW,Curacao,1.0044,0,191,🇨🇼,1980,147.996,372.8131
KI,Kiribati,1.0167,0,192,🇰🇮,1980,59.301,152.1813
FM,Micronesia,1.0106,0,193,🇫🇲,1980,72.93,167.3632
GD,Grenada,1.004,0,194,🇬🇩,1980,89.032,329.8692
VC,"Saint Vincent and the Grenadines",1.0026,0,195,🇻🇨,1980,100.566,286.7635
TO,Tonga,1.0093,0,196,🇹🇴,1980,92.971,144.2423
AW,Aruba,1.0038,0,197,🇦🇼,1980,60.096,597.8278
VI,"United States Virgin Islands",0.9976,0,198,🇻🇮,1980,99.08,299.6282
AG,"Antigua and Barbuda",1.0079,0,199,🇦🇬,1980,61.865,225.1335
SC,Seychelles,1.0052,0,200,🇸🇨,1980,66.244,219.969
IM,"Isle of Man",1.0038,0,201,🇮🇲,1980,63.551,149.8811
AD,Andorra,1.0014,0,202,🇦🇩,1980,36.067,165.5192
DM,Dominica,1.0025,0,203,🇩🇲,1980,75.314,96.3302
KY,"Cayman Islands",1.0117,0,204,🇰🇾,1980,16.212,254.8371
BM,Bermuda,0.9976,0,205,🇧🇲,1980,57.573,1147.0185
MH,"Marshall Islands",1.0075,0,206,🇲🇭,1980,30.576,331.8066
MP,"Northern Mariana Islands",1.0061,0,207,🇲🇵,1980,16.633,125.5797
GL,Greenland,1.0017,0,208,🇬🇱,1980,50.179,0.0263
AS,"American Samoa",0.9987,0,209,🇦🇸,1980,32.646,276.5327
KN,"Saint Kitts and Nevis",1.0061,0,210,🇰🇳,1980,43.205,206.4023
FO,"Faroe Islands",1.0038,0,211,🇫🇴,1980,43.337,35.3431
SX,"Sint Maarten",1.0128,0,212,🇸🇽,1980,13.1,1293.1176
MC,Monaco,1.0069,0,213,🇲🇨,1980,26.745,19891.5
TC,"Turks and Caicos Islands",1.013,0,214,🇹🇨,1980,7.888,41.9209
MF,"Saint Martin",1.0126,0,215,🇲🇫,1980,8.771,749.6226
LI,Liechtenstein,1.0036,0,216,🇱🇮,1980,25.879,239.9187
SM,"San Marino",1.002,0,217,🇸🇲,1980,21.459,558.7705
GI,Gibraltar,1.0002,0,218,🇬🇮,1980,30.065,5617.3333
VG,"British Virgin Islands",1.0058,0,219,🇻🇬,1980,11.478,202.6225
PW,Palau,1.0035,0,220,🇵🇼,1980,12.179,39.7233
CK,"Cook Islands",1.0003,0,221,🇨🇰,1980,17.512,74.4534
AI,Anguilla,1.0075,0,222,🇦🇮,1980,7.285,167.3626
TV,Tuvalu,1.0113,0,223,🇹🇻,1980,7.637,464.0769
WF,"Wallis and Futuna",0.9899,0,224,🇼🇫,1980,11.231,77.338
NR,Nauru,1.0025,0,225,🇳🇷,1980,7.741,519.1905
BL,"Saint Barthelemy",1.0038,0,226,🇧🇱,1980,3.082,473.5714
PM,"Saint Pierre and Miquelon",0.9988,0,227,🇵🇲,1980,6.131,23.7975
MS,Montserrat,0.9976,0,228,🇲🇸,1980,11.607,48.6765
FK,"Falkland Islands",1.0017,0,229,🇫🇰,1980,1.854,0.2907
NU,Niue,1.0019,0,230,🇳🇺,1980,3.404,6.2385
TK,Tokelau,1.0036,0,231,🇹🇰,1980,1.553,114.8333
VA,"Vatican City",0.9988,0,232,🇻🇦,1980,0.724,799
CN,China,1.0029,0.1821,1,🇨🇳,1970,827601.394,149.2199
IN,India,1.0095,0.1768,2,🇮🇳,1970,555189.792,427.8611
US,"United States",1.0057,0.0421,3,🇺🇸,1970,209513.341,35.7217
ID,Indonesia,1.01,0.0351,4,🇮🇩,1970,114793.178,146.5605
PK,Pakistan,1.019,0.0289,5,🇵🇰,1970,58142.06,260.2176
NG,Nigeria,1.0253,0.0273,6,🇳🇬,1970,55982.144,234.6335
BR,Brazil,1.0064,0.0271,7,🇧🇷,1970,95113.265,25.2888
BD,Bangladesh,1.0095,0.0211,8,🇧🇩,1970,64232.482,1137.6682
RU,Russia,0.9993,0.0183,9,🇷🇺,1970,130148.653,8.5275
MX,Mexico,1.01,0.0165,10,🇲🇽,1970,51493.565,66.9744
JP,Japan,0.9963,0.0158,11,🇯🇵,1970,104929.251,332.2966
ET,Ethiopia,1.0249,0.0152,12,🇪🇹,1970,28415.077,109.4021
PH,Philippines,1.0132,0.0141,13,🇵🇭,1970,35803.594,328.6345
EG,Egypt,1.0182,0.0133,14,🇪🇬,1970,34513.85,105.8972
VN,Vietnam,1.008,0.0124,15,🇻🇳,1970,43404.793,298.7619
CD,"DR Congo",1.031,0.012,16,🇨🇩,1970,20011.036,40.6169
IR,Iran,1.0117,0.0108,17,🇮🇷,1970,28513.866,52.1921
TR,Turkey,1.0061,0.0108,18,🇹🇷,1970,34876.303,109.1962
DE,Germany,0.9998,0.0105,19,🇩🇪,1970,78578.385,234.893
TH,Thailand,1.0018,0.0088,20,🇹🇭,1970,36884.536,136.5727
GB,"United Kingdom",1.0043,0.0086,21,🇬🇧,1970,55573.453,282.0004
FR,France,1.0024,0.0082,22,🇫🇷,1970,50763.92,118.8782
TZ,Tanzania,1.0293,0.008,23,🇹🇿,1970,13535.481,66.9764
ZA,"South Africa",1.0119,0.0076,24,🇿🇦,1970,22069.776,49.7578
IT,Italy,0.9983,0.0076,25,🇮🇹,1970,53518.969,199.9853
KE,Kenya,1.0224,0.0071,26,🇰🇪,1970,11301.394,96.8615
MM,Myanmar,1.0077,0.0069,27,🇲🇲,1970,27269.069,81.6272
CO,Colombia,1.0048,0.0065,28,🇨🇴,1970,21480.065,45.1175
KR,"South Korea",1.0005,0.0065,29,🇰🇷,1970,32195.681,512.2233
UG,Uganda,1.0278,0.0061,30,🇺🇬,1970,9405.6,200.5086
ES,Spain,0.9994,0.0059,31,🇪🇸,1970,33883.749,92.3318
AR,Argentina,1.0089,0.0058,32,🇦🇷,1970,23880.561,16.5481
SD,Sudan,1.0241,0.0058,33,🇸🇩,1970,10281.7,24.3851
DZ,Algeria,1.0164,0.0057,34,🇩🇿,1970,14464.985,19.0408
UA,Ukraine,0.9937,0.0054,35,🇺🇦,1970,47088.857,71.5694
IQ,Iraq,1.0239,0.0053,36,🇮🇶,1970,9917.983,96.1974
AF,Afghanistan,1.0231,0.0051,37,🇦🇫,1970,11173.642,62.4847
CA,Canada,1.0084,0.0048,38,🇨🇦,1970,21374.326,3.8447
MA,Morocco,1.0115,0.0047,39,🇲🇦,1970,16004.731,84.588
PL,Poland,0.9985,0.0047,40,🇵🇱,1970,32639.258,120.6982
SA,"Saudi Arabia",1.0143,0.0045,41,🇸🇦,1970,5836.389,16.6745
AO,Angola,1.0322,0.0044,42,🇦🇴,1970,5890.365,28.096
UZ,Uzbekistan,1.0132,0.0043,43,🇺🇿,1970,12080.317,76.8486
PE,Peru,1.0097,0.0042,44,🇵🇪,1970,13459.794,26.209
MY,Malaysia,1.0124,0.0042,45,🇲🇾,1970,10804.131,100.3046
MZ,Mozambique,1.0288,0.0042,46,🇲🇿,1970,9022.741,41.2798
GH,Ghana,1.0209,0.0041,47,🇬🇭,1970,8735.495,135.8112
YE,Yemen,1.0218,0.0039,48,🇾🇪,1970,6193.384,59.009
NP,Nepal,1.0186,0.0038,49,🇳🇵,1970,12074.626,205.3633
VE,Venezuela,1.0196,0.0037,50,🇻🇪,1970,11396.393,31.9353
MG,Madagascar,1.0264,0.0037,51,🇲🇬,1970,6576.305,49.7036
CM,Cameroon,1.0252,0.0035,52,🇨🇲,1970,6519.762,58.7065
CI,"Ivory Coast",1.0255,0.0035,53,🇨🇮,1970,5102.064,86.0325
NE,Niger,1.0379,0.0033,54,🇳🇪,1970,4510.644,20.5869
AU,Australia,1.0109,0.0033,55,🇦🇺,1970,12793.034,3.3891
KP,"North Korea",1.004,0.0033,56,🇰🇵,1970,14410.4,215.6223
TW,Taiwan,1.0014,0.003,57,🇹🇼,1970,14924.455,660.0336
BF,"Burkina Faso",1.0282,0.0028,58,🇧🇫,1970,5624.6,80.9726
LK,"Sri Lanka",1.0037,0.0027,59,🇱🇰,1970,12485.74,328.8499
ML,Mali,1.0296,0.0027,60,🇲🇱,1970,5949.045,17.3149
MW,Malawi,1.0271,0.0025,61,🇲🇼,1970,4703.782,170.3254
ZM,Zambia,1.029,0.0024,62,🇿🇲,1970,4179.067,25.8702
SY,Syria,1.0596,0.0024,63,🇸🇾,1970,6350.541,104.5729
CL,Chile,1.002,0.0024,64,🇨🇱,1970,9783.134,25.4598
KZ,Kazakhstan,1.0111,0.0024,65,🇰🇿,1970,13036.139,7.048
RO,Romania,0.995,0.0024,66,🇷🇴,1970,20548.911,79.8324
GT,Guatemala,1.0183,0.0023,67,🇬🇹,1970,5621.792,170.6696
EC,Ecuador,1.0126,0.0023,68,🇪🇨,1970,6069.376,65.4288
SN,Senegal,1.0266,0.0022,69,🇸🇳,1970,4257.505,89.7392
TD,Chad,1.0295,0.0022,70,🇹🇩,1970,3643.604,13.562
NL,Netherlands,1.0022,0.0022,71,🇳🇱,1970,13001.943,411.2652
KH,Cambodia,1.0131,0.0022,72,🇰🇭,1970,6996.576,94.836
SO,Somalia,1.0295,0.0021,73,🇸🇴,1970,3444.568,26.412
ZW,Zimbabwe,1.0159,0.0019,74,🇿🇼,1970,5289.303,39.2352
GN,Guinea,1.0273,0.0017,75,🇬🇳,1970,4154.605,56.3974
RW,Rwanda,1.0244,0.0017,76,🇷🇼,1970,3757.358,516.3818
BJ,Benin,1.0268,0.0016,77,🇧🇯,1970,2912.34,113.5189
BI,Burundi,1.0301,0.0016,78,🇧🇮,1970,3479.074,453.5762
TN,Tunisia,1.0093,0.0015,79,🇹🇳,1970,5063.809,73.6303
BO,Bolivia,1.0135,0.0015,80,🇧🇴,1970,4484.004,10.9165
HT,Haiti,1.012,0.0015,81,🇭🇹,1970,4676.23,420.9111
BE,Belgium,1.0031,0.0015,82,🇧🇪,1970,9632.18,382.2156
SS,"South Sudan",1.0208,0.0015,83,🇸🇸,1970,3494.004,18.7472
CU,Cuba,0.999,0.0014,84,🇨🇺,1970,8712.541,102.8872
DO,"Dominican Republic",1.0094,0.0014,85,🇩🇴,1970,4499.72,227.1655
CZ,"Czech Republic",1.0011,0.0013,86,🇨🇿,1970,9817.669,136.1413
GR,Greece,0.9948,0.0013,87,🇬🇷,1970,8663.571,78.1623
JO,Jordan,1.0031,0.0013,88,🇯🇴,1970,1721.323,115.297
AZ,Azerbaijan,1.0075,0.0013,89,🇦🇿,1970,5180.023,118.94
HN,Honduras,1.0157,0.0013,90,🇭🇳,1970,2716.654,90.862
SE,Sweden,1.0058,0.0013,91,🇸🇪,1970,8054.916,22.6939
PT,Portugal,0.9973,0.0013,92,🇵🇹,1970,8651.34,110.1159
AE,"United Arab Emirates",1.0091,0.0013,93,🇦🇪,1970,234.514,120.5955
TJ,Tajikistan,1.0213,0.0013,94,🇹🇯,1970,2930.107,69.584
HU,Hungary,0.9971,0.0012,95,🇭🇺,1970,10366.105,103.262
BY,Belarus,0.9989,0.0012,96,🇧🇾,1970,8913.552,45.4374
PG,"Papua New Guinea",1.019,0.0012,97,🇵🇬,1970,2783.121,20.0764
AT,Austria,1.0026,0.0011,98,🇦🇹,1970,7516.239,108.103
IL,Israel,1.0151,0.0011,99,🇮🇱,1970,2813.749,429.6048
CH,Switzerland,1.0067,0.0011,100,🇨🇭,1970,6150.852,212.5191
TG,Togo,1.0239,0.0011,101,🇹🇬,1970,2115.522,152.872
RS,Serbia,0.9949,0.0011,102,🇷🇸,1970,8119.86,97.928
SL,"Sierra Leone",1.0203,0.001,103,🇸🇱,1970,2744.891,115.7853
HK,"Hong Kong",1.0068,0.001,104,🇭🇰,1970,3848.924,6887.952
LA,Laos,1.0138,0.0009,105,🇱🇦,1970,2688.428,31.5922
PY,Paraguay,1.0119,0.0009,106,🇵🇾,1970,2474.763,17.9614
LY,Libya,1.0118,0.0009,107,🇱🇾,1970,2133.526,4.0015
BG,Bulgaria,0.9925,0.0009,108,🇧🇬,1970,8507.551,61.7303
NI,Nicaragua,1.0114,0.0009,109,🇳🇮,1970,2406.513,51.9977
KG,Kyrgyzstan,1.0151,0.0008,110,🇰🇬,1970,2969.851,33.6496
LB,Lebanon,0.9875,0.0008,111,🇱🇧,1970,2297.434,639.5761
SV,"El Salvador",1.0049,0.0008,112,🇸🇻,1970,3673.068,311.3155
TM,Turkmenistan,1.0137,0.0008,113,🇹🇲,1970,2195.175,12.7063
SG,Singapore,1.0079,0.0007,114,🇸🇬,1970,2072.283,8371.1915
DK,Denmark,1.0037,0.0007,115,🇩🇰,1970,4931.241,135.4005
CG,"Republic of the Congo",1.0249,0.0007,116,🇨🇬,1970,1326.885,16.9526
FI,Finland,1.0012,0.0007,117,🇫🇮,1970,4612.366,16.4142
NO,Norway,1.0084,0.0007,118,🇳🇴,1970,3876.06,17.0208
SK,Slovakia,0.9999,0.0007,119,🇸🇰,1970,4538.841,111.3484
PS,Palestine,1.0235,0.0007,120,🇵🇸,1970,1126.629,859.4117
OM,Oman,1.0193,0.0007,121,🇴🇲,1970,723.851,17.2019
LR,Liberia,1.0241,0.0007,122,🇱🇷,1970,1400.73,47.6355
CR,"Costa Rica",1.0084,0.0007,123,🇨🇷,1970,1847.394,101.4159
IE,Ireland,1.0075,0.0006,124,🇮🇪,1970,2908.421,71.4385
CF,"Central African Republic",1.0197,0.0006,125,🇨🇫,1970,1811.144,8.0527
MR,Mauritania,1.0266,0.0006,126,🇲🇷,1970,1146.78,4.756
NZ,"New Zealand",1.0077,0.0006,127,🇳🇿,1970,2818.387,18.1102
PA,Panama,1.0149,0.0006,128,🇵🇦,1970,1519.285,58.965
KW,Kuwait,1.012,0.0006,129,🇰🇼,1970,744.45,245.8371
HR,Croatia,0.9945,0.0005,130,🇭🇷,1970,4423.073,71.7264
MD,Moldova,0.9973,0.0005,131,🇲🇩,1970,3595.555,118.5715
GE,Georgia,0.9972,0.0005,132,🇬🇪,1970,4713.342,56.9403
ER,Eritrea,1.0169,0.0005,133,🇪🇷,1970,1310.945,31.1415
UY,Uruguay,1.0031,0.0004,134,🇺🇾,1970,2809.793,19.3114
MN,Mongolia,1.0147,0.0004,135,🇲🇳,1970,1278.825,2.1597
BA,"Bosnia and Herzegovina",0.9957,0.0004,136,🇧🇦,1970,3760.529,63.4521
JM,Jamaica,1.0039,0.0004,137,🇯🇲,1970,1875.642,271.5944
QA,Qatar,1.0169,0.0004,138,🇶🇦,1970,109.514,257.1996
AM,Armenia,1.0013,0.0004,139,🇦🇲,1970,2525.068,99.9215
AL,Albania,0.9977,0.0004,140,🇦🇱,1970,2150.707,99.7069
PR,"Puerto Rico",1.0006,0.0004,141,🇵🇷,1970,2631.707,319.0318
LT,Lithuania,0.9895,0.0003,142,🇱🇹,1970,3136.586,40.7612
NA,Namibia,1.018,0.0003,143,🇳🇦,1970,817.469,3.1902
GM,Gambia,1.0288,0.0003,144,🇬🇲,1970,464.41,239.3565
BW,Botswana,1.0183,0.0003,145,🇧🇼,1970,627.715,4.1944
GA,Gabon,1.0231,0.0003,146,🇬🇦,1970,589.314,8.7105
LS,Lesotho,1.0077,0.0003,147,🇱🇸,1970,1028.926,71.6751
MK,"North Macedonia",0.9993,0.0003,148,🇲🇰,1970,1720.8,80.9436
SI,Slovenia,0.9997,0.0003,149,🇸🇮,1970,1669.581,102.5025
GW,Guinea-Bissau,1.0238,0.0003,150,🇬🇼,1970,704.939,57.1174
LV,Latvia,0.9903,0.0002,151,🇱🇻,1970,2378.021,28.6379
BH,Bahrain,1.0204,0.0002,152,🇧🇭,1970,212.605,2332.0039
GQ,"Equatorial Guinea",1.0323,0.0002,153,🇬🇶,1970,303.982,53.355
TT,"Trinidad and Tobago",1.0023,0.0002,154,🇹🇹,1970,945.36,274.1881
TL,Timor-Leste,1.019,0.0002,155,🇹🇱,1970,571.565,92.0686
EE,Estonia,0.9975,0.0002,156,🇪🇪,1970,1360.202,29.2283
MU,Mauritius,1.001,0.0002,157,🇲🇺,1970,826.441,624.8662
CY,Cyprus,1.0064,0.0002,158,🇨🇾,1970,613.618,132.2438
SZ,Eswatini,1.0106,0.0001,159,🇸🇿,1970,431.253,68.2341
DJ,Djibouti,1.0139,0.0001,160,🇩🇯,1970,159.659,43.7973
FJ,Fiji,1.0073,0.0001,161,🇫🇯,1970,520.562,49.7738
RE,Reunion,1.0071,0.0001,162,🇷🇪,1970,462.025,361.6332
KM,Comoros,1.0213,0.0001,163,🇰🇲,1970,230.054,487.3357
GY,Guyana,1.0047,0.0001,164,🇬🇾,1970,704.934,3.6938
BT,Bhutan,1.0103,0.0001,165,🇧🇹,1970,297.316,20.5225
SB,"Solomon Islands",1.0244,0.0001,166,🇸🇧,1970,160.25,24.9571
MO,Macau,1.0138,0.0001,167,🇲🇴,1970,246.194,22249.6667
LU,Luxembourg,1.0119,0.0001,168,🇱🇺,1970,339.668,248.4033
ME,Montenegro,0.9998,0.0001,169,🇲🇪,1970,519.696,45.4641
EH,"Western Sahara",1.0233,0.0001,170,🇪🇭,1970,76.874,2.354
SR,Suriname,1.0085,0.0001,171,🇸🇷,1970,367.931,3.6432
CV,"Cape Verde",1.0103,0.0001,172,🇨🇻,1970,268.627,140.7582
MV,Maldives,0.9952,0.0001,173,🇲🇻,1970,115.691,1803.2833
BN,Brunei,1.0088,0.0001,174,🇧🇳,1970,129.529,77.2647
MT,Malta,1.0028,0.0001,175,🇲🇹,1970,320.545,1405.1677
BZ,Belize,1.018,0.0001,176,🇧🇿,1970,122.182,17.9478
BS,Bahamas,1.0091,0.0001,177,🇧🇸,1970,169.377,28.7252
GP,Guadeloupe,0.9994,0.0001,178,🇬🇵,1970,321.883,245.5737
MQ,Martinique,0.9982,0,179,🇲🇶,1970,325.011,331.6374
IS,Iceland,1.0059,0,180,🇮🇸,1970,204.426,3.3533
VU,Vanuatu,1.0234,0,181,🇻🇺,1970,85.377,26.4035
GF,"French Guiana",1.0252,0,182,🇬🇫,1970,47.93,3.761
NC,"New Caledonia",1.0094,0,183,🇳🇨,1970,105.324,15.6616
BB,Barbados,1.0011,0,184,🇧🇧,1970,238.896,669.8209
YT,Mayotte,1.0241,0,185,🇾🇹,1970,36.969,765.3984
PF,"French Polynesia",1.0058,0,186,🇵🇫,1970,110.495,68.1939
ST,"Sao Tome and Principe",1.0193,0,187,🇸🇹,1970,74.564,236.1815
WS,Samoa,1.0104,0,188,🇼🇸,1970,143.149,71.1608
LC,"Saint Lucia",1.0039,0,189,🇱🇨,1970,104.015,300.5081
GU,Guam,1.0079,0,190,🇬🇺,1970,83.877,312.4208
CW,Curacao,1.0044,0,191,🇨🇼,1970,143.634,372.8131
KI,Kiribati,1.0167,0,192,🇰🇮,1970,51.151,152.1813
FM,Micronesia,1.0106,0,193,🇫🇲,1970,61.417,167.3632
GD,Grenada,1.004,0,194,🇬🇩,1970,94.475,329.8692
VC,"Saint Vincent and the Grenadines",1.0026,0,195,🇻🇨,1970,90.509,286.7635
TO,Tonga,1.0093,0,196,🇹🇴,1970,84.351,144.2423
AW,Aruba,1.0038,0,197,🇦🇼,1970,59.063,597.8278
VI,"United States Virgin Islands",0.9976,0,198,🇻🇮,1970,64.726,299.6282
AG,"Antigua and Barbuda",1.0079,0,199,🇦🇬,1970,64.177,225.1335
SC,Seychelles,1.0052,0,200,🇸🇨,1970,52.368,219.969
IM,"Isle of Man",1.0038,0,201,🇮🇲,1970,55.425,149.8811
AD,Andorra,1.0014,0,202,🇦🇩,1970,24.276,165.5192
DM,Dominica,1.0025,0,203,🇩🇲,1970,71.073,96.3302
KY,"Cayman Islands",1.0117,0,204,🇰🇾,1970,9.144,254.8371
BM,Bermuda,0.9976,0,205,🇧🇲,1970,52.565,1147.0185
MH,"Marshall Islands",1.0075,0,206,🇲🇭,1970,20.395,331.8066
MP,"Northern Mariana Islands",1.0061,0,207,🇲🇵,1970,12.994,125.5797
GL,Greenland,1.0017,0,208,🇬🇱,1970,46.074,0.0263
AS,"American Samoa",0.9987,0,209,🇦🇸,1970,27.363,276.5327
KN,"Saint Kitts and Nevis",1.0061,0,210,🇰🇳,1970,44.883,206.4023
FO,"Faroe Islands",1.0038,0,211,🇫🇴,1970,39.009,35.3431
SX,"Sint Maarten",1.0128,0,212,🇸🇽,1970,6.864,1293.1176
MC,Monaco,1.0069,0,213,🇲🇨,1970,23.484,19891.5
TC,"Turks and Caicos Islands",1.013,0,214,🇹🇨,1970,5.841,41.9209
MF,"Saint Martin",1.0126,0,215,🇲🇫,1970,5.712,749.6226
LI,Liechtenstein,1.0036,0,216,🇱🇮,1970,21.266,239.9187
SM,"San Marino",1.002,0,217,🇸🇲,1970,19.221,558.7705
GI,Gibraltar,1.0002,0,218,🇬🇮,1970,28.606,5617.3333
VG,"British Virgin Islands",1.0058,0,219,🇻🇬,1970,9.827,202.6225
PW,Palau,1.0035,0,220,🇵🇼,1970,11.811,39.7233
CK,"Cook Islands",1.0003,0,221,🇨🇰,1970,21.302,74.4534
AI,Anguilla,1.0075,0,222,🇦🇮,1970,6.771,167.3626
TV,Tuvalu,1.0113,0,223,🇹🇻,1970,5.735,464.0769
WF,"Wallis and Futuna",0.9899,0,224,🇼🇫,1970,8.853,77.338
NR,Nauru,1.0025,0,225,🇳🇷,1970,6.552,519.1905
BL,"Saint Barthelemy",1.0038,0,226,🇧🇱,1970,2.343,473.5714
PM,"Saint Pierre and Miquelon",0.9988,0,227,🇵🇲,1970,5.552,23.7975
MS,Montserrat,0.9976,0,228,🇲🇸,1970,11.534,48.6765
FK,"Falkland Islands",1.0017,0,229,🇫🇰,1970,1.992,0.2907
NU,Niue,1.0019,0,230,🇳🇺,1970,5.135,6.2385
TK,Tokelau,1.0036,0,231,🇹🇰,1970,1.621,114.8333
VA,"Vatican City",0.9988,0,232,🇻🇦,1970,0.644,799